country,activity,injury,fatal
australia,surfing,puncture mark to left thumb,n
us virgin islands,snorkeling,left arm torn off in the attack below the elbow,y
new caledonia,scuba diving,injuries to upper limbs,n
usa,swimming,taken by shark body recovered with multiple injuries,y
usa,surfing,hand injury,n
usa,freeing trapped shark,bite wounds to thigh,n
australia,swimming,serious leg injuries,n
australia,swimming,not stated,y
australia,foil boarding,no injury to self,n
french polynesia,swimming,deep gash to bicep,n
usa,swimming,injuries to legs,n
usa,fishing,laceration on top and undermeath right foot,n
samoa,surfing,lacerations to right leg,n
columbia,swimming with sharks,severe hand injury,n
australia,fishingswimming,serious abdonminal injuries,n
australia,surfing,lacerations to calf,n
usa,swimming,leg and foot injury,n
costa rica,diving-tagging sharks,head face and arms,n
australia,surfing,both legs and arm severed,y
usa,snorkeling,bite to leg,n
usa,swimming,bite to leg,n
australia,surfing,none sustained board severly damaged,n
bahamas,spearfishing,severe injuries no detail,n
usa,fishing,laceration to right leg below the knee,n
australia,surfing,none sustained board severely damaged,n
puerto rico,wading,bite to thigh area,n
australia,kayaking,kayak badly damaged no injury to person,n
french polynesia,swimming,injuries to right forearm left hand and calf was missing,n
spain,swimming,gash to leg,n
canary islands,surfing hydrofoiling,lacerations to left leg above the knee,n
usa,diving,lacerations to right forearm,n
usa,surfing,lacerations to left foot,n
bahamas,spearfishing,lacerations to right arm,n
usa,fishing,injury to leg,n
usa,surfing,lacerations to right arm,n
south africa,fishing,mltiple injuries to body,y
australia,swimming,serious bites to r bicep r wrist and r leg,n
usa,swimming,lacerations to lower left foot and leg,n
usa,swimming,laceration to lower right leg,n
usa,swimming,laceration to lower right leg,n
usa,snorkeling,right hand almost torn off,n
usa,surfing,no injury,n
usa,swimming,gash to lower left leg,n
vanuatu,swimming,multiple injuries to body one hand and leg bitten off,y
australia,swimming,injury to thigh,n
jamaica,paddling,minor injuries to fingers of left hand,n
israel,diving,remains recovered several days after the attcks,y
mexico,rescuing female companion,victim drown and was scavenged by sharks,y
maldives,snorkeling,injuries to right shoulder,n
usa,undisclosed,injuries to right hand and arm,n
australia,swimming,bumping to the body,n
australia,surfing,missing body not recovered,y
australia,swimming,serious lacerations above right knee,n
australia,swimming,minor lacerations to left calf,n
philippines,scuba diving,both arms severed by sharks after drowning,y
australia,kayaking,none kayak badly damaged by shark,n
australia,fishing was pulled of boat by shark,body not recovered,y
australia,snorkeling,abdominal and leg injuries,n
bahamas,swimming,left foot injured,n
bahamas,swimming,severed archilles tendon artery severed nerves severed,n
turks and caicos,swimming,both hands bitten off and a bite to left thigh,n
australia,swimming,bites to arm and upper body,y
australia,bathing,minor bite to lower body,n
australia,surfing,none - chunk of surfboard  bitten out,n
mozambique,spearfishing,"legs, buttocks and stomach",y
usa,diving,bitten on the arm,n
new caledonia,spearfishing,severe arm injury and delay in medical treatment caused victim to die,y
australia,surfing,body not recovered,y
mozambique,diving,diving for sea urchins attacked by shark injuries not specified,y
egypt,scuba diving,injuries to stomach preventing attack on friend,n
egypt,scuba diving,entire calf muscle removed and bitten both arms and legs,y
australia,spearfishing,life threatening injuries to neck and arm,y
australia,spearfishing,not stated but reported as minor injuries both arms,n
australia,surfing,not stated minor injuries,n
thailand,swimming,minor to  moderate injuries both legs,n
new zealand,diving,not stated but injuries fatal,y
maldives,diving,not stated but reported as minor injuries,n
hawaii,surfing,right leg severted below knee,n
australia,snorkeling,30cm 1ft bite to lower calf,n
usa,surfing,both feet bitten,n
honduras,swimming,back and thigh extensive tissue loss,n
usa,surfing,bite to left arm,n
indonesia,disappeared whilst diving remains found in shark,found inside shark,y
honduras,diving for shellfish,bite to left leg,n
morocco,swimming - jumped off yacht,leg severed,y
jamaica,spearfishing,head right arm and leg severed,y
belize,swimming - diving,right lower leg amputated after serious bite,n
australia,surfing,serious injury to leg,n
australia,surfing,minor injury to lower left leg,n
usa,diving into water,lower left leg injury,n
australia,spearfishing,not specified,n
usa,wading,minor injury to left foot,n
usa,swimming,bite to left leg calf muscle removed,n
usa,swimming,minor cuts to calf,n
usa,swimming,superficial wounds to leg,n
usa,playing football in the water,minor injury to right foot four tendons ruptured,n
usa,swimming,bite to left leg,n
usa,surfing,not specific shark bite injuries to the body,f
usa,unconfirmed possibly swimming near the boat harbour,multiple serious lacerations to the body,n
usa,wading,left hand bitten off and right leg bitten,n
usa,swimming,significant injuries to pelvic and abdominal region lower left arm amputated,n
usa,swimming ocean training,significant bites to torso left arm and hand,n
maldive islands,military ocean training,wounds to lower extremities fatal,y
usa,wading,bitten on left hand by 4-5ft shark,n
turks and caicos,snorkelling,major damage to right leg later amputated lower left leg left hand and forearm,n
french polynesia,freediving,bite left forearm several ripped tendons severed nerves deep muscle wounds,n
usa,spearfishing,bitten on left arm,n
tobago,swimming,bite wounds to left arm and leg wounds to abdomen and left hand,n
bahamas,jumpinf from dock to boat acidentally fell into water at marina,bitten on left leg puncture wounds to kneecap,n
australia,fishing,minor bite to left leg,n
australia,surfing,minor injuries left foot,n
maldive islands,swimming,minor injury to left leg,n
australia,swimming,"minor injuries to back, abdomen and legs",n
usa,surfing,"no injury, shark bit surfboard",n
usa,swimming,lacerations to left foot,n
australia,swimming,leg bitten,n
india,fishing,calf of lower left leg injured,n
trinidad,spearfishing,shoulder bitten,n
australia,swimming,right leg bitten,n
bahamas,swimming,right leg injured,n
australia,surfing,leg bitten,n
south africa,fishing,provoked incident lacerations and puncture wounds to hand and calf from hooked shark,n
usa,surfing,fatal,y
mexico,free diving,fatal,y
australia,surfing,fatal,y
australia,surfing,injury to right thigh,n
australia,foil boarding,puncture wounds to right ankle,n
new zealand,wading,significant injury to leg,n
mexico,swimming,fatal,y
mexico,swimming,injury to lower left leg,n
australia,snorkeling,leg severely  injured,n
bahamas,paddle boarding,fatal,y
mexico,swimming,fatal,y
australia,swimming,puncture wounds to right upper arm,n
bahamas,scuba diving,fatal,y
australia,free diving,injuries to scalp and face,n
usa,swimming,lacerations to right forearm,n
australia,spearfishing,minor injury,n
new zealand,free diving,minor injury wetsuit shredded,n
egypt,scuba diving,no injury no attack; the shark  simply head-butted him,n
australia,surfing,fatal,y
usa,surfing,bite to right thigh,n
mexico,fishing,both arms injured,n
australia,fishing,dinghy damaged by shark no injurty to the 5 men onboard,n
belize,snorkeling,foot injured,n
usa,surfing,left leg and hand injured,n
usa,surfing,minor linjury to left lower leg,n
usa,surfing,minor injury shark bit surfboard,n
australia,swimming,minor injury shark bit surfboard,n
usa,swimming,body not recovered,y
usa,swimming,non-lifethreatening injuries,n
egypt,swimming,"left arm severely bitten, surgically amputated",n
usa,surfing,llacerations to face and chin,n
usa,surfing,bite to lower back,n
philippines,fishing,laceration to left thigh,m
coral sea,on a round-the-world expedition,catamaran severely damaged by sharks no injurty to the 3 men onboard,n
usa,surfing,left hand bitten,n
usa,wading,right foot bitten,n
australia,surfing,severe injuries to lower limbs,nan
usa,wading,minor injury to shoulder,n
usa,kayak fishing,"shark bit kayak, no injury to occupant",n
bahamas,nan,body found with shark bites possible drowning cause of death unknown,nan
spain,wading,minor lacerations to right foot,n
portugal,fishing,leg bitten,n
samoa,towing a dead whale out to sea,fatal,y
usa,wading,laceration to left posterior thigh,n
usa,surfing,ankle injured,n
usa,spearfishing,lower leg bitten,n
usa,swimming,superficial injuries to abomen and thighs,n
australia,surfing,laceration to leg,n
australia,snorkeling,lower left leg bitten,n
usa,boogie boarding,right foot injured,n
colombia,freediving,"lower right leg bittenla patria, 7202023w",n
usa,sitting,superficial injury to back,n
usa,surfing,severe injury to foot,n
south africa,watching the sardine run,"no injury to occupants, shark defated boat",n
ecuador,snorkeling,serious injury to right leg,n
usa,standing,puncture wounds to thigh,n
usa,swimming,injury to right hand,n
usa,swimming,laceration to right knee,n
usa,surfing,injury to left heel and toes,n
usa,swimming,3 small puncture wounds to left leg,n
usa,swimming,multiple puncture wounds to right thigh,n
usa,fishing,hand bitten,n
usa,filming,sharks bit their inflatable boats,n
egypt,swimming,fatal,y
bahamas,scuba diving,calf severely bitten,nan
french polynesia,kite surfing,buttock bitten,n
new caledonia,spearfishing,"fatal, bite to leg, shoulder and head",y
turks and caicos,snorkeling,left foot severed,n
bahamas,jumped overboard,"presumed fatal, body not recovered",y
usa,shark feeding,bitten on hand minor injury,n
usa,surfing,lacerations to left foot and calf,n
usa,fishing,provoked incident   hooked shark bit his foot,n
usa,spearfishing,,n
usa,swimming,minor inuries to right knee,n
australia,surfing,fatal,y
usa,sitting,multiple bites,n
usa,kayak fishing,"shark bit kayak, no inury to occupant",n
cuba,spearfishing,fatal,y
usa,spearfishing,injury to lower leg,n
south africa,surfing,leg injured,n
south africa,diving for crayfish,shoulder injured,n
australia,swimming,minor injuries,n
australia,snorkeling,cuts to leg,n
usa,spearfishing,minor injury to lower right leg,n
australia,surfing,bite to right arm,n
usa,windsurfing,lacerations to leg,n
usa,kayak fishing,"no injury, kayak damaged",n
usa,surfing,injuries to right foot,n
usa,kite-surfing,lacertions to right calf,n
cuba,fishing,arm bitten,n
australia,wading,lower left leg and foot injured,n
usa,swimming,left hand and  left leg,n
mexico,swimming,significant  injury to leg,n
australia,surf-sking,nan,n
brazil,swimming,left arm severly injured,n
brazil,swimming,right thigh bitten resulting in surgical amputation,n
seychelles,snorkeling,left foot bitten,nan
brazil,surfing,injuries to left thih and calf,n
new caledonia,swimming,"fatal, multiple injuries",f
usa,surfing,injury to lower leg,n
argentina,nan,death by misadventure,nan
fiji,spearfishing,questionable,n
australia,swimming,fatal,y
australia,fishing,minor injury to chest,n
new caledonia,swimming,"hands, back and thigh inujured",n
usa,swimming,lacerations to leg,n
mexico,diving with  surface-supplied air,fatal,y
usa,spearishing,knocked spear out of his hands and fin bitten,n
maldives,snorkeling at shark feeding site,minor injury to shoulder and back,n
south africa,divingshark feeding,hamd bitten,n
usa,swimming,"lower left torso, defensive wounds to hands",n
australia,swimming,lower legh bitten,n
usa,diving,left leg bitten,n
usa,snorkeling,fatal attack,y
usa,surfing,foot bitten,n
usa,swimming,foot bitten,n
usa,swimming,shallow punctures & lacerations to right thigh,n
usa,fishing,right knee & thigh bitten by hooked shark,n
usa,surfing,minor inury from shark's fin,n
usa,fishing,minor injuries to hands,n
bahamas,diving,torso bitten,n
usa,fishing,minor injuries,n
usa,snorkeling,"no injury, swim fin bitten",n
australia,surf skiing,"no injury, ski holed by shark",n
usa,fishing,minor injury to leg by hooked shark,n
usa,shipwreck,hand bitten,n
australia,spearfishing,"multiple injuries to left shoulder, arm and hand",n
australia,surfing,lacerations to foot,n
usa,surfing,thigh injured,n
south africa,swimming,fatal,y
usa,spearfishing,severe injuries to right arm,n
bahamas,snorkeling,fatal,y
usa,swimming  or snorkeling,injuries to left arm and right hand,n
australia,surfing,puncture wounds to right hand & forearm,n
australia,kayaking,"no injury, kayak bitten in half",n
usa,swimming,minor injury to leg,n
usa,standing,multiple llacerations to right forearm,n
australia,spearfishing,lacerations to lower legs,n
usa,snorkeling,"lower left leg severely bitten, necessitating surgical amputation",n
usa,paddleboarding,"no injury, board bitten",n
england,snorkeling,minor injury to leg,n
usa,lobstering,injury to upper lip,n
usa,wading,minor bite to left  foot,n
usa,surfing,four-inch cut to right foot,n
usa,nan,minor injuries,n
usa,surfing,lacerations to lower leg,n
usa,fishing,fingrt bitten while releasing hooked shark provoked incudebt,n
usa,nan,minor lacerations to left calf,n
usa,nan,left wrist and buttocks bitten,n
usa,surfing,two-inch laceration to leg,n
usa,surfing,minor injury to foot,n
usa,lifeguard training exercise,minor injury to foot,n
japan,snorkeling,fatal,y
usa,surfing,foot bitten,n
usa,lifeguard exercises,injuries to chest and right hand,n
indonesia,surfing,lacerations to foot,n
egypt,snorkeling,fatal,y
egypt,swimming,fatal,y
usa,swimming,injury to right foot,n
usa,scalloping,severe bites to leg,n
usa,swimming,laceration to leg,n
usa,jumped into water,laceration to leg,n
south africa,swimming,fatal,y
jamaica,fishing,right arm severed,n
usa,nan,leg bitten,n
usa,swimming,stomach and leg injuries including a broken femur,n
usa,nan,nan,n
australia,swimming,minor injury,n
australia,surfing,knocked off board by a  shark   no injury,n
australia,diving,no injury,n
belize,spearfishing,right hand and forearm bitten provoked incident,n
maldives,fishing,right cakf bitten when he fell overboard,n
french polynesia,nan,hand bitten,n
usa,fishing,thumb bitten by hooked shark provoked incident,n
thailand,playing in the water,laceration to left calf,n
french polynesia,nan,cut to knee,n
australia,paddleboarding,"no injury, knocked off board by shark chasing a turtle",n
usa,nan,laceration to lower leg,n
usa,swimming,bite to right foot,n
usa,standing,bite near big toe,n
usa,feeding sharks & stingrays,finger nipped by captive shark provoked incident,n
usa,kayaking,no injury to occupants kayak bitten,n
south africa,nan,possible drowing and scavenging,m
usa,fishing,knee bitten                    provoked incident,n
columbia,swimming,fatal,y
new zealand,surfing,"no injury, shark leapt on surfboard",n
australia,surfing,lacerations and punctures to leg and foot,n
australia,swimming,nan,n
usa,surfing,bite to right foot,n
usa,fishing,minor injuries to knee and calf of left leg                            provoked incident,n
australia,surfing,"no injury, board bitten",n
usa,boogie boarding,fatal,y
bahamas,diving,arm bitten,n
australia,fihing,lacerations to left thigh,n
australia,swimming,fatal,y
mexico,surface supplied  diving,fatal,y
usa,surfing,puncture wounds to foot,n
bahamas,nan,minor injury,n
costa rica,diving,right forearm and left hand injured,nan
australia,floating in inflatable pool ring,torso bitten,n
australia,swimming,foot bitten,n
australia,snorkeling,"knees, ankles & feet bitten",n
south africa,fishing for sharks,"provoked incident               no injury to occupants, shark bit ski",n
new zealand,swimming,puncture wounds,n
usa,wing foil surfing,punctures to leg,n
australia,nan,minor lacerations to lower thigh,n
australia,surfing,"no injury, knocked off board",n
new zealand,swimming,laceration to big toe,n
usa,boogie boarding,fatal bite to chest,y
usa,wing foil surfing,punctures to leg,n
australia,spearfishing,laceration to leg,n
mexico,diving,lacerations,n
australia,swimmingq,lacerations to right calf and hand,n
australia,swimming,lacerations to back,n
usa,surfing,arm bitten,n
brazil,playing,minor cuts to left thigh,nan
usa,spearfishing,leg bitten,n
australia,swimming,fatal,y
brazil,swimming,laceration to lower right leg,n
new zealand,surfing,fingers lacerated,n
australia,spearfishing,disappeared,nan
australia,swimming,lacerations and puncture to left leg,n
usa,surfing,`left foot bitten,n
usa,swimming,injury to lower left leg,n
usa,surfing,injury to posterior left thigh,n
egypt,swimming,laceration to arm caused by metal object,nan
usa,surfing,minor injury to right arm,n
australia,surfing,fatal,y
british overseas territory,nan,wrist bitten,n
usa,"fishing, fell in water",severe injury to leg,n
usa,boogie boarding,lacerations both sides of lower leg immediately above the ankle,n
usa,surfing,left ankle and foot bitten,n
canada,swimming,thigh injured,n
australia,harassing sharks,"no injury, jet ski bitten provoked incident",n
usa,surfing,minor cuts to right foot and ankle,n
usa,snorkeling,lacerations to legs,n
usa,nan,lacerations to lower body,n
usa,swimming,lacerations and puncture wounds to lower left leg,n
usa,fishing,hands bitten while attempting to unhook shark               provoked incident,n
usa,standing,lower left leg bitten,n
usa,surfing,lower left leg bitten,n
australia,fishing,leg bitten when he jumped on the sharkprovoked incident,n
usa,swimming,minor injury to calf,n
brazil,squatting in the water,lacerations to poster thigh and buttock,n
thailand,moving captive shark,lacerations to lower right leg provoked incident,n
usa,surfing,no injury,n
usa,nan,"small laceration to ankle, shark involvement not confirmed",n
australia,surfing,"no injury, knocked off board by shark",n
usa,boogie boarding,leg bitten,n
south africa,surfing,injuries to leg and torso,n
bahamas,jackass team's publicity stunt for discovery channel's shark week 2021,lacerations to right hand  provoked incident,n
usa,playing,right foot bitten,n
usa,spearfishing,shark involvement prior to death not confirmed,y
brazil,wading,fatal,y
australia,surfing,left forearm broken & lacerated,n
usa,standing,puncture wound to calf,n
usa,spearfishing,provoked incident lacerations to right hand,n
ecuador,diving,single bite to right thigh,n
usa,canoeing,hand injured,n
usa,surfing,lacerations to thigh and calf,nq
usa,swimming,calf bitten,n
usa,swimming,posterior right thigh bitten,n
jordan,parasailing,foot bitten,n
australia,surfing,lacerations to calf and ankle,n
usa,standing,left arm bitten,n
usa,swimming,"""superficial injuries:",n
usa,standing,right calf bitten,n
usa,standing,minor injury to right foot,n
england,fishing,calf bitten by hooked shark provoked incident,n
australia,snorkeling,foot bitten,n
new caledonia,spearfishing,presumed fatal  provoked incident,y
usa,swimming,minor injuries to foot and ankle,n
australia,spearfishing,lacerations to right hand and forearm,n
australia,surfing,fatal,y
usa,kite foiling,2- to 3-inch cuts to posterior thigh,n
belize,baiting sharks,right hand bitten,n
usa,wading,nick on foot,n
usa,surfing,lacerations to shin and calf,n
jamaica,spearfishing,fatal,y
usa,surfing,foot bitten,n
usa,boggie boarding,right leg bitten,n
french polynesia,canoeing,"no injury, canoe bitten",n
new caledonia,stand up paddleboarding,fatal,y
usa,swimming,puncture wound to knee,n
australia,nan,laceration to foot,n
usa,tagging sharks,"no injury to occupants, shark bit boat after being tagged",n
south africa,spearfishing,minor injury to head,n
south africa,body boarding,fatal,y
usa,swimming,1-inch cut to leg,n
usa,nan,cuts to both feet,n
australia,spearfishing,injury to calf,n
french polynesia,swimming,nan,n
usa,nan,"injuries to hands, arm and knees",n
usa,swimming,lacerations to right hand,n
usa,body surfing,left shoulder bitten,n
australia,paddle boarding,"no injury, board bitten",n
usa,wading,left forearm bitten,n
new caledonia,spearfishing,left leg bitten,n
new caledonia,swimming,right leg bitten but death due to heart attack,y
australia,fishing,superficial wound       provoked incident,n
usa,surfing,"no injury, surfboard bitten",n
australia,surf skiing,"no injury, surf ski bitten",n
usa,kayaking,"no injury, kayak bitten",n
australia,swimming,puncture wounds to foot,n
new zealand,swimming,minor puncture wound to arm,n
australia,swimming,severe lacerations to left arm,n
usa,fishing,no injury to occupants,n
usa,snorkeling,puncture wounds to left calf,n
australia,snorkeling,fatal,y
australia,swimming,serious injury to left leg,n
brazil,surfing,puncture wounds to right hand,n
australia,swimming,severe injury to leg and broken him,n
australia,swimming,injury to leg,n
st kitts ,swimming  kayaking,"severe injury to left leg, resulting in amputation above the knee",n
new zealand,swimming,fatal,y
usa,surfing,"no injury, board damaged",n
usa,surfing,15 cut to ankle,n
usa,swimming,significant injury to right lower leg,n
usa,swimming,no injury swim fin bittten,n
maldives,fell off fishing boat,injuries to leg,n
st martin,swimming,fatal,y
australia,surfing,"no injury, board bitten",n
usa,surfing,fatal,y
usa,surfing,non-life-threatening to left lower leg & foot,n
australia,surfing,non-life-threatening injuries to buttock and thigh,n
egypt,scuba diving,left shoulder bitten,n
usa,snorkeling,severe injury to torso,n
new caledonia,snorkeling,three 3-inch lacerations to thigh,n
australia,body boarding,fatal,y
australia,surfing,"minor injury to left foot, leg and finger",n
usa,swimming,minor injuries,n
bahamas,spearfishing,handwrist bitten,n
usa,surfing,hand bitten,n
egypt,snorkeling,"boy lost arm, dive guide lost leg,",n
australia,spearfishing,severe injury to thigh,n
usa,surfing,laceration to knee and foot,n
australia,surfing,fatal,y
usa,body surfing,laceration to lower leg,n
australia,surfing,"no injury, knocked off board when shark grabbed his leg rope",n
usa,nan,minor lacerations to right foot when he stepped on the shark provoked incident,n
usa,swimming,lacerations and puncture wounds to shoulder,n
usa,snorkeling,severe bite to shoulder,n
australia,fishing,arm bitten by hooked shark provoked incident,n
australia,foil-boarding,"no injury, board bitten",n
usa,swimming,minor cuts and punctures to left foot,n
usa,surfing,cuts to right hand and wrist,n
usa,surfing,left arm bitten,n
usa,surf fishing,hand bitten that was holding a fish provoked incident,n
australia,surfing,fatal,y
usa,snorkeling,ankle bitten,n
usa,nan,minor injury to forearm,n
australia,fishing  filming sharks feeding on whale carcass,"shark bit boat, no injury to occupant",n
usa,surfing,injury to right foot and ankle,n
usa,kayak fishing,"no injury, kayak damaged",n
usa,standing,minor injury to foot,n
usa,surfing,lacerations to sole of left foot,n
usa,boogie boarding,minor lacerations to left leg,n
usa,wading,minor injury to arm by a fish,n
australia,surfing,lacerations to right calf and posterior thigh,n
usa,fishing,injury to left forearm by hooked shark provoked incident,n
usa,snorkeling,lacerations to hand and wrist,n
usa,surfing,"no injury, but board bitten",n
usa,surfing,lacerations to foot,n
usa,swimming,lacerations to foot and toes,n
australia,surfing,lacerations to leg,n
usa,diving,lower leg bitten,n
australia,sightseeing,"no injury to occupants, injury to shark attempting to swallow anchor",nan
french polynesia,swimming,leg bitten,n
usa,swimming,fatal,y
usa,spearfishing,lacerations to legs,n
usa,standing,foot bitten,n
usa,treading water,left calf & foot bitten,n
usa,wading,right leg bitten,n
australia,fishing,"lacerations to arm, head & chest",n
usa,wading,severe bite to right foot,n
australia,snorkeling,injury to lower left leg and ankle,n
australia,surfing,fatal,y
usa,surfing,minor injury to right foot,n
australia,spearfishing,fatal,y
usa,playing,cuts to lower leg,n
usa,body surfing,injury to thigh,n
bahamas,nan,nan,n
south africa,surf skiing,"no inury, ski damaged",n
new caledonia,windsurfing,fatal,y
australia,surfing,fatal,y
australia,nan,nan,nan
usa,skimboarding,puncture wounds to leg,n
usa,surfing,cut to index finger of hand,n
bahamas,spearfishing,lacerations to left hand,n
australia,spearfishing,"no injury, swim fin bitten",n
thailand,playing,left foot bitten,n
spain,playing,lacerations to both feet,n
french polynesia,snorkeling,leg bitten,n
usa,surfing,fatal,y
australia,surfing,leg injured,n
usa,swimming,2 lacerations to foot,n
usa,body boarding,minor injury to ankle from stingray,n
australia,swimming,lacerations to foot,n
usa,surfing,foot bitten,n
australia,swimming,fatal,y
australia,surfing,right hand bitten,n
usa,stand-up paddleboarding,"no injury, paddleboard bitten",n
usa,surfing,left foot bitten,n
usa,surfing,left foot bitten when he jumped on the shark  provoked incident,n
australia,nan,arm injured,n
new zealand,kayak fishing,"provoked incident no injury, shark nudged kayak repeatedly",n
fiji,spearfishing,lacerations to right elbow,n
new zealand,surfing,"minor injury, surfboard bitten",n
usa,stand-up paddle boarding,"no injury, but paddleboard bitten",n
french polynesia,canoeing,"no injury, but canoe was scratched",n
bahamas,floating,provoked incident  scratches to left wrist,n
australia,surfing,laceration ot left ankle and foot,n
new zealand,surfing,minor injury to lower leg,n
usa,surfing,lacerations to foot,n
thailand,swimming,calf bitten,n
australia,swimming,lacerations to leg,n
australia,scuba diving,fatal,y
new caledonia,nan,right leg bitten,n
australia,swimming after being swept off rocks,probable drowning and scavenging,y
australia,swimming,minor injury to hand,n
seychelles,swimming,arm bitten,n
papua new guinea,spearfishing,fatal,y
south africa,surf skiing,"no injury, shark bit surf ski",n
new zealand,boogie boarding,laceration to thigh,n
usa,surfing,right leg bitten,n
australia,fishing,provoked incident,nan
reunion island,kayaking,partial remains recovered 12262019 from shark,f
australia,free diving,arm bitten,n
cuba,swimming,fatal,y
usa,stand-up paddleboarding,"no injury, inflatable paddle board was bitten by the shark",n
usa,surfing,"no injury, knocked from his board by the shark",n
australia,snorkeling,lacerations to foot,n
australia,spearfishing,"believed to have drowned partial remains washed ashore at north beach, mylestom, new south wales on 17 december shark involvement prior to death could not be confirmed",f
mexico,fishing,lacerations to arm from hooked shark provoked incident,n
israel,snorkeling,"no injury, swim fin bitten",n
french polynesia,feeding sharks,multiple lacerations to right arm,n
usa,surfing,lacerations to left foot,n
mexico,snorkeling,bite to right forearm,n
south africa,kayaking fishing,"no injury, kayak damaged",n
usa,surfing,"no inury, knocked from board",n
reunion island,snorkeling,hand recovered from shark later confirmed death most likely due to drowning,y
australia,snorkeling,raddon’s right foot was severed and maggs sustained serious lacerations to his lower right leg,n
usa,surfing,minor cuts when he jumped off his board and landed on the shark provoked incident,n
usa,kayak fishing,"no injury, kayak bitten",n
french polynesia,snorkeling,severe injuries to arms and chest,nan
australia,surfing,"no injury, surfboard bitten",n
usa,surfing,lacerations to right foot,n
australia,surfing,"no injury, surfboard severely damaged",n
usa,kayaking,"no injury, shark bit kayak",n
usa,surfing,minor injury to left thigh,n
australia,fishing,hooked shark bit his leg provoked incident,n
usa,surfing,"no injury, back of board bitten",n
usa,swimming,laceration to arm,n
usa,surfing,lacerations to left foot,n
usa,snorkeling,minor injuries,n
usa,nan,foot bitten,n
australia,spearfishing,"no injury, shark bit swim fin",n
usa,spearfishing,bite to posterior left knee,n
usa,nan,thigh injured,n
usa,surfing,hand and calf bitten when he jumped off surfboard and landed on the shark provoked incident,n
usa,wading,foot bitten,n
usa,swimming treading water,injury to lower back and right hip,n
fiji,spearfishing,right arm bitten,n
usa,wading,puncture marks to lower leg,n
usa,surfing,"no injury, board damaged",n
usa,standing,minor injuries to right foot,n
usa,surfing,minor cuts to right foot,n
usa,surfing,bite to left hand and wrist,n
usa,spearfishing  diving,laceration to left arm and hands,n
usa,swimming,bite to abdomen & left leg medial thigh,n
usa,fishing,arc of punctures to lower right leg by hooked shark provoked incident,n
usa,surfing,3 lacerations to left hand,n
australia,snorkeling,lacerations to lower leg,nan
usa,boogie boarding,lacerations to right thigh,n
usa,surfing,puncture wounds around left elbow,n
usa,surfing,foot bitten,n
usa,diving,unknown  unconfirmed,nan
new zealand,scuba diving,shark rammed him but no injury,n
usa,body-surfing,ankle bitten,n
usa,boogie boarding,foot bitten,n
south africa,surfing,leg injured,n
australia,paddle boarding,puncture wounds to wrist,n
mexico,fishing,leg injured,n
bahamas,snorkeling,unknown,n
usa,surfing,minor injury to foot,n
bahamas,snorkeling,fatal,y
bahamas,spearfishing,lacerations to left calf,n
usa,swimming,puncture wounds to leg,n
bahamas,snorkeling,injuries to left lower leg,nan
usa,swimming,arc of lacerations to bicep,n
usa,surfing,cuts to right foot,n
australia,abalone diving,bumped by shark but no injury,n
australia,surfing,injury to wrist,n
usa,standing,severe injuries to leg and hand,n
new caledonia,fishing,fatal,y
usa,swimming,fatal,y
new caledonia,swimming,leg severed,n
usa,body boarding,no injury,n
fiji,scuba diving,laceration to head and shark bit diver's tank,n
usa,surfing,"no injury, knocked of board by shark",n
australia,body surfing,laceration to right ankle,n
reunion island,surfing,fatal,y
usa,swimming with sharks,injuries to left arm and hand,n
usa,surfing,"no injury, shark severed surfboard leash",n
brazil,fishing,cut to toe from hooked shark provoked incident,n
usa,fishing,injury to leg,n
australia,spearfishing,3 puncture marks to left forearm,n
usa,kayaking,injury to right inner thigh,n
usa,nan,minor injury to leg,n
usa,boogie boarding,"minor lacerations to left knee, left hand and right thigh",n
usa,picking opihi,"probable death by drowning, body scavenged by shark",n
usa,swimming,bitten on left shoulder,n
china,diving in shark tank,"lacerations to face, chin and scalp",n
usa,paddling an outrigger canoe,"shark bit canoe, but injury to occupant may not have been caused by the shark",n
australia,swimming,puncture marks to left hip and buttocks,n
usa,surfing,lacerations to foot,n
mexico,swimming,20 cm gash to right leg,n
usa,swimming,bite to abdomen,n
usa,boogie boarding,lacerations to right foot,n
usa,surfing,"no injury, board bitten and dented",n
south africa,fishing,lacerations to arm from shark caught in trawl net  provoked incident,n
usa,surfing,"no injury, shark bumped leg",n
australia,surfing,lacerationspuncture marks to thigh,n
brazil,surfing,minor injury to face,n
australia,spearfishing,right forearm bitten,n
usa,surfing,multiple lacerations to leg,n
australia,surfing,"no injury, surfboard bitten",n
south africa,fishing,"no  injury to occupants, shark bit pontoon causing it to deflate",n
usa,spearfishing,right wrist and hand injured,n
reunion island,fishing,fatal,y
new zealand,boogie boarding,gash to thigh,n
australia,swimming,minor injury to left foot,n
australia,wading,injuries to foot & leg,n
usa,surfing,cuts to both lower legs,n
mexico,diving,fatal,y
australia,nan,bitten on foot when he stepped on the shark  provoked incident,n
new zealand,spearfishing,injuries to leg and hand,n
new zealand,spearfishing,no injury,n
australia,surfing,five deep lacerations to lower right leg,n
australia,surfing,cut to left foot,n
usa,surfing,lacerations to left foot,n
australia,spearfishing,severe lacerations to left arm and right leg,n
australia,surfing,injuries to calf and hand,n
australia,kayaking,"no injury to occupant, kayak bitten",n
south africa,fishing,surf-ski bitten but no injury to occupant,n
australia,body boarding,injuries to lower left leg and foot,n
bahamas,swimming,arc of shallow lacerations to back,n
australia,surfing,20 cm injury to left calf,n
australia,swimming,fatal,y
egypt,scuba diving,calf muscle removed,n
australia,surfing,knocked off board by a  shark   no injury,n
usa,surfing,injury to right foot,n
usa,surfing,minor injury to toe,n
usa,diving  filming,injury to right hand  wrist,n
australia,body surfing,injury to upper right arm,n
new zealand,surfing,severe lacerations to arm and hand and cut to face,n
samoa,surf skiing,"no injury, tail of surf ski bitten off",n
australia,spearfishing,"no injury, claimed he was bumped by shark",n
usa,surfing,black eye,n
australia,fishing,injury to upper left arm by hooked shark provoked incident,n
usa,diving,traumatic injuries to upper torso,n
australia,nan,knee bitten,n
usa,fishing,"no injury, shark nicked kayak",n
fiji,diving,abrasion to leg when he kicked the shark provoked incident,n
bahamas,spearfishing,lacerations to fingers,n
usa,nan,cuts to hand,n
jamaica,spearfishing,fatal,y
australia,swimming,serious injury to left thigh,n
australia,swimming,serious injury to anterior right thigh,n
usa,boogie boarding,fatal,y
usa,surfing,ankle bitten,n
usa,stand-up paddleboarding,right arm bitten,n
usa,surfing,calf bitten,n
ireland,fishing,forearm bitten by hooked shark provoked incident,n
bahamas,diving,right foream bitten,n
usa,swimming,shark bumped chest but no injury,n
bahamas,spearfishing,lacerations to head and neck,n
usa,surfing,injury to right lower leg,n
italy,playing,calf bitten,n
bahamas,standing,injury to lower left leg,n
usa,nan,scratches to calf,n
usa,swimming,"lacerations to leg, hip and hand",n
usa,spearfishing,laceration to right leg above the knee,n
usa,standing,injury to calf,n
usa,swimmingstanding,injury to right calf,n
egypt,snorkeling,fatal,y
usa,surfing,minor cuts to hand,n
china,putting hand in shark tank,lacerations to fingers provoked incident,n
usa,boogie boarding,minor puncture wounds to leg,n
usa,wading,lacerations to lower leg,n
usa,surfing,single laceration to right thigh inconsistent with shark bite,nan
colombia,fishing,"autopsy confirmed death by drowning, shark bite were post-mortem",nan
usa,wading,surf washed the dying shark against her foot provoked incident,n
usa,surfing,"laceration to left thigh, possibly caused by surfboard",n
usa,wading,foot bitten,n
usa,surfing,lacerations to left foot,n
usa,surfing,minor injury to foot,n
bahamas,floating,minor injury to wrist,n
usa,snorkeling,injury to kneelower leg,n
usa,boogie boarding,"minor injury, puncture marks to left lower leg",n
usa,paddling,"no injury to occupant, outrigger canoe and paddle damaged",n
usa,fishing,injury to fingers while removing hook from shark          provoked incident,n
usa,standing,minor injury to left thigh,n
usa,surfing,injury to left lower leg from surfboard skeg,n
australia,surfing,minor injury to lower leg,n
mexico,free diving,lacerations to leg & hand provoked incident,n
australia,kite surfing,"no injury, board bitten",n
brazil,swimming,fatal,y
egypt,scuba diving,laceration to right thigh,n
usa,fishing,minor injury to foot provoked incident,n
usa,walking,lower left leg bitten,n
usa,standing,minor injury to foot,n
australia,feeding sharks,minor bite to hand by captive shark provoked incident,n
usa,boogie boarding,injuries to lower right leg and foot,n
usa,swimming,severe bite to right forearm,n
england,fishing,injured by teeth of a dead porbeagle shark he was tossing overboard,n
australia,feeding sharks,shallow lacerations to finger provoked incident,n
south africa,surfing,"minor injury, marks on board",n
australia,surfing,"no injury, surfboard damaged",n
thailand,swimming,minor injury to ankle,n
usa,fishing,forearm bitten by hooked shark provoked incident,n
costa rica,scuba diving,"no injury, shark bit scuba gear",n
australia,surfing,"no injury, knocked off board by shark",n
australia,surfing,no injury,n
australia,surfing,"no injury, knocked off board by shark",n
australia,surfing,"no injury, shark struck his leg",n
maldives,fishing,5-inch cut to hand,n
south africa,surf-skiing,"no injury, shark bit hole in ski",n
usa,body boarding,lacerations to right lower leg,n
thailand,swimming,lacerations to foot and ankle,n
brazil,swimming,"multiple severe injuries to arms and leg, leg subsequently surgically amputated",nan
australia,surfing,laceration to right thigh,n
australia,surfing,lacerations to legs,n
bahamas,surfing,no injury shark swam away with the surf board,n
brazil,fishing,injury to ankle from marine animal trapped in weir provoked incident,n
new caledonia,foilboarding,"no injury, shark bit board",n
bahamas,swimming,"2 puncture wounds to left foot, abrasion to right foot",n
south africa,surfing,lacerations to left knee & lower leg,n
usa,stand-up paddleboarding,"lacerations to right hand and arm, loss of right leg below the knee",n
australia,wading,minor injuries to legs,n
australia,swimming,"no injury, said to have been charged by sharks several times",n
australia,surfing,"minor injury, ankle grazed",n
south africa,scuba diving,the shark & man simply collided; neither were injured,n
australia,swimming,laceratons to right leg & foot,n
australia,fishing,"shark rammed kayak, no injury to occupant  provoked incident",n
australia,walking,puncture wounds to leff foot & lower leg,n
australia,swimming,"collision with marine animal  no injury, no attack",n
brazil,cleaning fish,lacerations to 4 toes of right foot,n
ecuador,snorkeling,injuries to right foot,n
australia,spearfishing,"no injury no attack this is considerd an ""encounter""",n
australia,nan,injuries to right leg,n
new caledonia,spearfishing,injuries to abdomen and arm,n
french polynesia,surfing,superficial bite to right thigh and left knee,n
australia,diving,severe laceration to left forearm,n
australia,free diving,"no injury, shark took his swimfin",n
brazil,surfing,minor injury to left forearm,n
australia,surfing,foot bitten,n
usa,surfing,severe lacerations to left thigh & knee,n
usa,surfing,foot bitten,n
malaysia,fishing  wading,"minor injury to thigh, provoked incident",n
bahamas,snorkeling,minor injury to arm,n
australia,surfing,"degloved right arm ligaments in both shoulders torn, both knee cartilages torn, pelvis displacement and shredded foot 32 stiches in all",n
costa rica,scuba diving,serious injury to leg,n
costa rica,scuba diving,fatal,y
libya,2 boats capsized,fatal,y
usa,spearfishing,right leg bitten,n
usa,surfing,heel bitten,n
nan,surfing,puncture wounds to feet,n
australia,surfing,puncture wounds to left shoulder,n
cuba,night bathing,fatal,y
usa,surfing,minor cuts to lower left leg,n
australia,snorkeling,calf injured,n
australia,surfing,minor injury to foot,n
usa,stand-up paddleboarding,no injury but shark bit sup,n
mauritius,swimming,minor injury to foot,n
usa,surfing,lacerations to left foot,n
usa,swimming,severe lacerations to left hand & wrist,n
australia,kayaking  fishing,minor injuries,n
new zealand,kayaking,"no injury, shark shook kayak x3",n
usa,swimming,puncture wounds & lacerations to foot,n
usa,surfing,lacerations to left hand,n
usa,snorkeling,abrasions,n
south africa,scuba diving,"fatal, but death was probably due to drowning",nan
usa,surfing,lacerations to lower left leg and foot,n
australia,surfing,"no injury, board damaged by shark",n
usa,surfing,"lacerations to right ankle, foot & toe",nan
usa,surfing,laceration to upper arm,n
usa,surfing,minor lacerations to sole of left foot,n
spain,body surfing,lacerations to right foot,n
usa,surfing,lacerations to left foot,n
south africa,scuba diving,"fatal, but death was probably due to drowning",nan
samoa,fishing,injuries to hands and legs,n
australia,fishing,"sharks rammed boats, no injury to occupants",n
usa,surfing,lacerations to left foot,n
australia,swimming,minor injuries,n
australia,surfing,minor lacerations to right hip,n
solomon islands,spearfishing,foot bitten,n
south africa,"swimming, poaching abalone",fatal,y
japan,surfing,injury to ankle & feet,n
usa,swimming,lacerations to abdomen,n
usa,swimming,lacerations to foot,n
usa,surfing,minor injury to right hand,n
australia,surfing,"no injury, board bitten",n
usa,wading,leg injured,n
spain,swimming,lacerations to left foot,nan
new zealand,canoeing,"no injury, shark bit canoe",n
usa,sup,not injured by shark but board bitten,n
bahamas,spearfishing,hand injured,n
usa,swimming,minor cuts to sole & toes of left foot,n
egypt,snorkeling,bite to right leghip,n
usa,fishing,foot bitten by landed shark provoked incident,n
usa,fishing,"no injury, bow of kayak bitten",n
usa,skimboarding,lacerations to lower leg,n
usa,swimming,abrasions and cuts to sole of foot,nan
usa,nan,bite to left thigh  minor injury,n
bahamas,snorkeling,foot & ankle injured,n
bahamas,spearfishing,severe lacerations to left hand,n
"st helena, british overseas territory",surfing,torso bitten,n
usa,nan,minor injury to hand,n
spain,swimming,abrasion to arm from shark's rough skin,n
usa,nan,foot bitten,n
usa,swimming,foot injured,nan
usa,kayaking,"no injury, kayak bitten",n
usa,sup,"no injury, shark bit paddleboard",n
usa,surfing,pulled off board by shark but no injury,n
australia,surfing,"minor injury, grazed by shark",n
usa,kayaking,"no injury, kayak bitten",n
usa,swimming,lower legs bitten,n
mexico,fishing,hand bitten by hooked shark provoked incident,n
south africa,surfing,"no injury, shark bit surfboard",n
comoros,fishing,"skull found in shark, a probable drowning & scavenging",nan
usa,fishing,"arm injured by hook, not by a shark",nan
usa,swimming,left foot bitten,n
usa,surfing,1 to 2-inch laceration behind knee,n
usa,swimming,leg bitten,n
reunion,body boarding,"no injury, shark bit surfboard",n
spain,swimming,2-inch laceration to hand,n
french polynesia,surfing,injuries to hand and wrist,n
bahamas,feeding sharks,fingernail pulled off,n
australia,body boarding,"no injury, board bitten",n
australia,surfing,"no injury, knocked off board",n
usa,surfing,laceration to left foot,n
united kingdom,surfing,"bruise to leg, cuts to hand sustained when he hit the shark",n
usa,spearfishing,laceration to shin,n
bahamas,snorkeling,right forearm severed,n
usa,touching a shark,right hand bitten by hooked shark provoked incident,n
usa,feeding sharks,lacerations to right arm,n
australia,fishing,abrasion to right forearm from pectoral fin of a shark that leapt into his boat,n
united arab emirates,spearfishing,right leg severely bitten,n
australia,attempting to lasso a shark,thigh nipped provoked incident,n
mexico,snorkeling,fatal,y
usa,surfing,"laceration to thigh, likely caused by surfboard fin",nan
usa,swimming,major injury to posterior thigh,n
south africa,surfing,minor injury to right calf,n
usa,surfing,left foot bitten,n
reunion,body boarding,fatal,y
new zealand,body boarding,puncture wounds & laceration above knee,n
usa,photo shoot,alleged laceration to left ankle,nan
"st helena, british overseas territory",snorkeling,calf & foot bitten,n
usa,swimming,laceration & puncture wounds to left foot,nan
usa,nan,minor bite to the foot,n
australia,surfing,fatal,y
usa,surfing,lower right leg severely injured,n
usa,surfing,lacerations to right foot,n
usa,surfing,lacerations to right foot,n
south africa,scuba diving,"fatal, coroner unable to determine if the diver was alive or had drowned when incident took place",nan
usa,surfing,calf bitten,n
usa,paddle boarding,laceration to calf,n
usa,swimming,minor injury to left hand,n
usa,swimming,foot injured,n
usa,swimming,"thigh nipped, minor injury",n
australia,kakaying,"no injury, shark bit off stern of kayak",n
usa,swimming,lacerations to thighs,n
usa,surfing,minor injury to left foot,n
australia,body boarding,minor,n
usa,kayaking,"no injury, kayak bitten",n
philippines,spearfishing,right thigh injured,n
bahamas,washing hands,abrasions & lacerations to left leg and hand,n
mexico,fishing,finger severed by  'dead shark' on boat's deck   provoked incident,n
bahamas,floating,minor injury to hand,n
australia,snorkeling,hand bitten,n
australia,surfing,"no injury, shark struck board",n
reunion,body boarding,fatal,y
australia,spearfishing,left leg severely bitten,n
usa,swimming,injury to hand,n
brazil,grabbing shark for a selfie,"minor injury to finger, provoked incident",n
south africa,fishing,"shark damaged kayak, no injury to occupant",n
usa,fishing,"shark bit boat, no injury to occupants",n
bahamas,scuba diving,lacerations to upper right arm,n
usa,not stated,shoulder injuries,n
brazil,swimming,minor laceration to ring finger,n
usa,nan,puncture wounds to lower arm or hand,n
australia,scuba diving,"multiple injuries to arm, wrist and torso",n
australia,swimming,injury to hand,n
usa,nan,minor injury to hand,n
indonesia,surfing,injury to right wrist & forearm,n
australia,spearfishing,"no attack, shark made a threat display",nan
usa,wading,minor injuries to foot,n
australia,wading,minor injuries to foot & toes,nan
usa,surfing,lacerations to right forearm,n
australia,snorkeling,buttock bitten,n
south africa,surf skiing,"no injury, but ski severely damaged",n
australia,free diving,punctures to left footankle,n
french polynesia,fishing,hand injured,n
usa,surfing,cuts to right ankle & foot,nan
australia,surf fishing,lacerations to both hands while attempting to land a hooked shark provoked incident,n
australia,surfing,injuries to foot & arm,n
australia,fishing,laceration to right hand by hooked & gaffed shark provoked incident,n
mozambique,body recovery,body washed up on beach with signs of shark attack bites and leg missing,f
usa,floating,injuries to right calf and thigh,n
usa,surfing,lacerations to right foot and ankle,n
usa,surfing,lacerations to right hand,n
australia,surfing,lacerations to left thigh,n
usa,surfing,left arm and leg injured,n
australia,surfing,torso nipped,n
usa,snorkeling,injuries to left calf,n
mexico,cage diving,"shark breached cage, no injury to diver",nan
australia,surfing,minor wound to lower right leg & surfboard bitten,n
usa,surfing,wounds to upper thigh and lower leg,n
mozambique,fishing,injuries to legs and abdomen,y
usa,surfing,cuts to dorsal surface of left foot,n
usa,surfng,minor injuries,n
australia,surfing,4 deep lacerations to thigh,n
usa,surfing,minor injury to thigh,n
usa,surfing,lacerations to hands,n
usa,surfing,lacerations to lower leg,n
usa,surfing,"no injury, board bitten",n
australia,surfing,struck by fin on chest & leg,n
australia,surfing,no injury: knocked off board by shark,n
australia,fishing,shark rammed boat no injury to occupant,n
usa,wading,minor injury to arm,n
usa,swimming,severe lacerations to shoulder & forearm,n
new caledonia,kite surfing,fatal,y
usa,boogie boarding,lacerations & punctures to lower right leg,n
australia,surfing,"no inury, board broken in half by shark",n
usa,body boarding,foot bitten,n
usa,spearfishing,two toes broken & lacerated,n
mexico,cage diving,"no injury to divers, white shark breached cage",nan
usa,surfing,lacerations to right foot,n
usa,surfing,minor injury to ankle,n
reunion,surfing,"right arm severed, ankle severely bitten",n
usa,wading,minor injury to ankle,n
bahamas,snorkeling,lacerations to left leg,n
usa,sup foil boarding,"no inury, shark & board collided",n
usa,surfing,big toe bitten,n
spain,swimming,lacerations to right hand,n
china,swimming,lacerations to leg,n
australia,nan,"no injury, shark nudged kayak repeatedly",n
usa,lobstering,laceration to left forearm provoked incident,n
australia,surfing,"no injury leg rope severed, knocked off board by shark",n
japan,surfing,lacerations to left leg,n
australia,surfing,calf bumped but no injury,n
bahamas,spearfishing,lacerations to face and right leg,n
australia,fishing,laceration to left calf from hooked shark provoked incident,n
usa,fishing,"no injury, shark bit trolling motor",n
usa,surfing,minor injury to leg,n
usa,nan,minor injury to toes,n
usa,kite surfing,"no injury, board damaged",n
usa,swimming,puncture wounds to foot,n
bahamas,scuba diving,face bruised when partly blind shark collided with him,n
spain,wading,"5 tiny puncture marks to lower leg, treated with hydrogen peroxide",n
usa,fishing,"no injury hull bitten, tooth fragment recovered",n
usa,fishing,fin of hooked shark injured fisherman's forearm  provoked incident,n
usa,fishing,"no injury hull bitten, tooth fragment recovered",n
usa,swimming,"buttocks, thigh, left hand & wrist injured",n
australia,fishing,right thigh injured by hooked pregnant female shark provoked incident,n
usa,nan,minor injury,n
usa,surfing,foot injured,n
columbia,scuba diving,severe bite to right hand,n
south africa,spearfishing,injuries to left leg & right hand,n
usa,floating,lacerations and punctures to foot,n
usa,wading,injuries to right calf,n
usa,surfing,single puncture wound to arm,n
australia,spearfishing,no injury but shark punctured his wetsuit after he prodded it with his spear provoked incident,n
usa,floating in tube,injury to lower leg,n
usa,standing,laceration to wrist,n
usa,surfing,"no injury, board damaged",nan
usa,swimming,leg bitten,n
australia,diving,fatal,y
egypt,swimming,"leg severely bitten, surgically amputated above the knee",n
australia,spearfishing,"no injury, but sharks repeatedly hit their fins and guns",nan
new caledonia,kite surfing,laceration to heel,n
australia,surfing,fatal,y
usa,swimming,injuries to arm and shoulder,n
usa,swimming,injury to posterior right leg,n
usa,swimming,puncture wounds to thigh,n
usa,swimming,lacerations and puncture wounds to foot and ankle,n
usa,swimming,"back, arm & hand injured",n
usa,swimming,ankle bitten,n
usa,teasing a shark,arm grabbed provoked incident,n
usa,floating,minor lacerations to right shoulder,n
new zealand,fishing,foot bitten by landed shark provoked incident,n
usa,wading,minor injury to left foot,n
indonesia,surfing,elbow bitten,n
usa,surfing,minor injury to left foot,n
south africa,surf-skiing,"no injury, surf-ski bitten",n
australia,swimming,minor puncture wound to foot,n
french polynesia,spearfishing,laceration to knee by speared shark provoked incident,m
french polynesia,spearfishing,"severe lacerations to right forearm, hand and calf from speared shark provoked incident",n
usa,spearfishing,multiple bites to right arm,n
new caledonia,walking,fatal,y
cape verde,nan,"""serious""",nan
usa,fishing,left hand bitten,n
usa,sup,fell off board when spinner shark leapt from the water next to him no injury to surfer,nan
usa,snorkeling,minor injury to left foot,n
australia,surfing,severe injury to thigh,n
usa,nan,minor injury to arm possibly caused by smalll nurse shark,nan
australia,surfing,"no injury, board dented",n
bahamas,nan,minor injury to chest provoked incident,n
usa,surfing,board reportedly bumped by shark no injury,nan
usa,body surfing,lacerations to right foot and ankle,n
fiji,diving for beche-de-mer,fatal,y
usa,nan,superficial injury to foot,n
australia,fishing,puncture wounds to right calf,n
brazil,swimming,minor injury to head,n
new caledonia,kite surfing,puncture wounds to right thigh,n
new caledonia,spearfishing,forearm bitten,n
dominican republic,wading,avulsion injury to lower leg,n
cayman islands,feeding stingrays,minor injury to wrist from southern stingray,nan
australia,surfing,"no injury, knocked off board",nan
australia,walking,foot nipped,n
australia,windsurfing,"no injury, shark bit board",n
brazil,swimming,lacerations to scalp,n
south africa,fishing,"no injury, shark capsized kayak",n
usa,surfing,lacerations to both hands,n
usa,surfing,no injury,n
usa,spearfishing,"bruised ribs & tail bone, speargun broken and wetsuit cut",n
united arab emirates,fishing,"no injury to occupants, shark leapt into boat",n
usa,paddle boarding,no injury,n
australia,surfing,laceration to right foot,n
australia,wading,laceration to right calf,n
australia,spearfishing,lacerations to arms & leg,n
south africa,fishing,"no injury, kayak damaged",n
spain,swimming,lacerations to left forearm,n
usa,paddle boarding,"no injury, shark bit board",n
australia,surfing,"no injury, shark leapt on surfboard",n
brazil,scuba diving,right hand & part of forearm removed,n
aruba,sea disaster,fatal,y
australia,fishing,"no injury, shark rammed boat & bit motor",n
bahamas,lobster fishing,"bitten on thigh, abdomen & hand",n
south africa,swimming  wading,lacerations to both hands and forearms,n
ecuador,snorkeling,lacerations to left calf,n
usa,surfing,right heel injured,n
usa,swimming,leg injured,n
usa,surfing,lacerations to hand,n
australia,surfing,injury to left thigh,n
usa,surfing,lower left leg injured,nan
usa,swimming,laceration to right ankle,n
usa,wading,injury to right anklecalf & hand,n
mozambique,fishing,"arms severely injured, surgically amputated",n
australia,spearfishing,minor injury,n
usa,body boarding,"lacerations & puncture wounds to right thigh, calf & ankle",n
south africa,surfing,"lacerations to right calf, knee & hip",n
usa,surfing,lacerations to left hand,n
usa,surfing,left foot bitten,n
mozambique,fishing for shrimp,fatal,y
usa,surfing,left foot bitten by eel,nan
usa,swimming,severe injuries to lower legs foot later surgically amputated,n
usa,fishing,"no injury, shark rammed kayak repeatedly",n
usa,boogie boarding,laceration to forearm,n
usa,surfing,"left leg severed below the knee, defense injuries to left hand",n
mozambique,fishing,"arm severely injured, surgically amputated",n
australia,surfing,foot injured,n
usa,body boarding,2 lacerations to ankle,n
usa,wading,foot & hands bitten,n
usa,surfing,severe lacerations to left hand,n
usa,surfing,"laceration to heel, puncture wounds to dorsum of foot",n
australia,snorkeling,laceration to leg,n
usa,kayak fishing,"no injury, kayak damaged",n
usa,surfing,minor injury to left ankle,n
usa,spearfishing,severe laceration to left leg,n
usa,wading,significant injuries to leg,n
usa,photographing fish,injury to right hand  wrist,n
usa,kayak fishing,no injury,n
usa,swimming,lacerations to calf,n
usa,surfing,injury to right foot,n
australia,surfing,minor laceration to hand,n
usa,stand-up paddleboarding,"no injury, shark struck board, tossing her into the sea",n
usa,kayak fishing,laceration to dorsum of foot by hooked shark  provoked incident,n
australia,surf-skiing,inuries to lower left leg & ankle,n
usa,nan,right foot bitten,n
thailand,wading,left foot & ankle bitten,n
fiji,spearfishing,leg bitten,n
usa,surfing,"no injury, surfboard bitten",n
usa,surfing,"no injury, shark struk sufer's leg and his board",n
usa,nan,wound to right lower leg,nan
australia,surfing,severe laceration to left buttock & thigh,n
usa,surfing,"injuries to left calf, arm and hand",n
usa,walking,lacerations to right leg,n
usa,kayak fishing,"no injury, kayak bitten",n
spain,swimming,minor injury when he attempted to touch a fish,nan
usa,spearfishing,right hand bitten  provoked incident,n
australia,surfing,"lacerations and puncture wounds to hip, thigh, arm and hand",n
costa rica,surfing,minor inuries to toes,n
australia,surfing,injury to hand,nan
usa,surfing,minor injury to sole of foot,n
usa,floating,"2' cut to dorsum of foot, 2 puncture wounds to sole",nan
australia,scallop diving on hookah,fatal,y
usa,kayak fishing,no injury to occupant kayak bitten by gaffed shark provoked incident,n
australia,surfing,left hand bitten,n
reunion,surfing,arm bitten,n
south africa,surfing,no injury,n
usa,surfing,"no injury, shark bumped & damaged board",n
usa,treading water,laceration to back,nan
french polynesia,swimming,parallel lacerations to torso inconsistent with shark bite,nan
bahamas,spearfishing,lacerations to lower leg & ankle,n
usa,nan,lacerations to right hand & forearm,n
australia,surfing,"no injury, shark bit surfboard",n
australia,body boarding,significant injuries to lower legs,n
usa,swimming,"injuries to torso, hip, lower leg & hands",n
australia,surfing,hand bitten,n
usa,playing in the water,shallow lacerations & puncture to lateral left leg,n
usa,swimming,"injuries to right calf, buttock and both hands",n
south africa,body boarding,"right leg severed, multiple lacerations to left leg",n
usa,swimming,minor lacerations to leg,nan
south africa,surfing,multiple lacerations to torso & leg,n
usa,standing,puncture wounds to foot,n
australia,swimming,minor lacerations to forearm when he grabbed shark by its tail     provoked incident,n
usa,body surfing,multiple lacerations to back,n
usa,swimming,minor injury to foot,n
australia,surfing,"bruises and abrasions to face, chin, chest, both shins & feet and cut to right hand when her surfboard was struck with force",n
usa,standing,minor injury to calf,n
puerto rico,spearfishing,injury to hand,n
usa,swimming,minor injury to calf,n
usa,wading,arm amputated below shoulder,n
usa,wading,left arm amputated at elbow & severe injury to leg,n
usa,nan,severe laceration to leg,n
usa,boogie boarding,minor lacerations to foot,n
usa,playing,lacerations to right calf,n
usa,attempting to rescue a shark,puncture wound to finger,n
reunion,surfing,left forearm bitten,n
usa,standing,left foot bitten,n
usa,wading,minor lacerations to dorsum of right foot,n
french polynesia,spearfishing,lacerations to right forearm,n
usa,swimming,"puncture wounds to lower left leg and ankle, shallow lacerations to foot, deep laceration to achilles tendon",n
usa,surfing,2 puncture wounds to  dorsum of left foot,n
usa,nan,laceration to foot,n
new caledonia,snorkeling,fatal,y
usa,swimming,"lacerations to lower left leg, ankle & foot",n
australia,surfing,injuries to left arm & right hand,n
south africa,diving,"injuries to leg, left arm & both hands",n
usa,snorkeling,fatal,y
usa,wading,lacerations to left calf,n
australia,surfing,leg severed at mid-thigh,n
australia,surf skiing,"no injury, knocked off ski",n
usa,photographing the shark,lacerations to shoulder and left bicep,n
reunion,surfing,fatal,y
australia,paddle boarding,ankle injured,n
usa,spearfishing,injuries to head & torso,n
italy,diving,"fatal, but shark involvement prior to death unconfirmed",nan
brazil,surfing,injury to left thigh from unidentified species of fish; injuries inconsistent with shark bite,nan
south africa,kayak fishing,no injury but kayak bitten,n
egypt,swimming,fatal,y
usa,standing  snorkeling,lacerations to left forearm lacerations to left hand and thigh,n
french polynesia,hand feeding sharks,hand bitten,n
australia,fishing,bruised in falling overboard as shark bumped boat,n
mexico,fishing,right hand bitten by hooked shark provoked incident,n
french polynesia,sitting in the water,thigh bitten,n
atlantic ocean,transatlantic rowing,"no injury, shark bit rudder",n
reunion,swimming,fatal,y
australia,surfing,fatal,y
australia,surfing,laceration & puncture wounds to right flank & hip,n
australia,bodysurfing,5 minor puncture wounds to lower left leg,n
australia,rowing,"no injury, shark's teeth scratched hull",n
usa,shark fishing,lacerations to calf by hooked shark provoked incident,n
australia,surfing,"no injury, surfboard dented",n
south africa,floating,foot bitten,n
usa,fishing,no injury but shark bit trolling motor & rammed boat,n
australia,surfing & filming dolphins,board snapped in two,nan
australia,fishing,"shark bumped boat, no injury to occupants",n
australia,filming,bitten on hand & wrist,n
usa,swimming after falling overboard,"during his 16-hour swim to shore, he was circled by a shark but it did not injure him",nan
bahamas,snorkeling,severe bite to right flank,n
south africa,surfing,"lacerations to lower left leg, puncture wounds to sole of left foot",n
usa,nan,leg bitten,n
australia,surfing,lacerations to both feet,n
australia,spearfishing,fatal,y
greece,nan,"of 9 bodies recovered, one was bitten by a shark",n
south africa,swimming,minor cuts on feet,nan
usa,surfing,injury to hipleg,n
australia,fishing,laceration to calf when he fell on shark he had caught provoked incident,n
japan,diving  filming,"no injury, shark snagged its teeth in diver's suit",n
australia,spearfishing,fatal,y
spain,fishing for blue sharks,glancing bite to wrist from netted shark provoked incident,n
australia,surfing,minor injuries to right leg,n
mauritius,fishing,"fatal, arm bitten by shark hauled on deck             provoked incident",y
australia,fishing,"shark chasing fish bumped boat, no injury to occupants",n
usa,nan,"shark bumped boat, no injury to occupants",n
usa,surfing,laceration to left hand,n
usa,snorkeling,laceration to left upper leg,n
australia,surfing,minor injury to lower leg and foot,n
usa,surfing,minor injuries to hand & arm,n
usa,surfing,lacerations to fingers,n
australia,surfing,laceration to dorsum of left foot when he stepped on the shark     provoked incident,n
usa,stand-up paddleboarding,"no injury, paddleboard bitten",n
usa,stand-up paddleboarding,"no injury, paddleboard bitten",n
usa,canoeing,"no injury to occupant, canoe bitten",n
australia,surfing,"lacerations to left calf & ankle, puncture wounds to left foot",n
usa,standing in inner tube,lacerations to left foot,n
usa,body surfing or boogie boarding,laceration to right handwrist,n
australia,kayaking,"kayak deflated, no injury to occupants",n
usa,surfing,foot bitten,n
usa,fishing,thigh bitten,n
usa,surfing,foot bitten,n
usa,kayaking,"no injury to occupant, sharks holded  kayak",n
usa,kayaking,"no injury to occupant, sharks holded  kayak",n
usa,surfing,lacerations to knee,n
australia,surfing,"left arm & right hand severed, lacerations to both legs",n
usa,surfing,minor injury to left foot,n
french polynesia,feeding fish,thumb & finger nipped,n
usa,surfing,"a hoax, no shark involvement",nan
australia,swimming,fatal,y
usa,fishing,leg bitten,n
usa,kayaking,"no injury, shark bit kayak",n
usa,fishing,bitten twice on the leg by a shark he was attempting to free from his line provoked incident,n
spain,playing with an air mattress,lacerations to right hand,n
usa,body surfing,injury to left calf,n
usa,surfing,lacerations to shin,n
usa,nan,shark involvement not confirmed,nan
usa,fishing,lacerations to foot by hooked shark provoked incident,n
spain,swimming,minor lacerations to posterior lower leg,n
usa,surfing,laceration to left hand,n
usa,standing,heel bitten,n
usa,fishing for sharks,lacerations to forearm from hooked shark provoked incident,n
usa,kite boarding,laceration to left foot,n
australia,spearfishing,lacerations to face and neck,n
usa,standing,puncture wounds and lacerations to left thigh and knee,n
usa,nan,puncture wounds & lacerations to foot,n
bahamas,spearfishing,puncture wounds to right foot and ankle,n
usa,swimming,puncture wounds to right foot & ankle,n
usa,swimming,minor lacerations to left heel and big toe,n
usa,boogie boarding,lacerations to right leg & foot,n
usa,swimming,lacerations to  foot,n
usa,surfing,foot bitten,n
usa,boogie boarding,laceration to ankle,n
south africa,surfing,lower limbs & thigh bitten,n
nan,sea disaster,shark involvement prior to death not confirmed,nan
usa,swimming,left foot bitten,n
reunion,surfing,lacerations to right wrist & calf,n
usa,standing,lacerations to right knee,n
spain,wading,minor injury,n
usa,swimming,lacerations to left foot,n
usa,swimming,puncture wounds to foot,n
bahamas,shark diving,"missing after a dive, shark involvement considered probable, but not confirmed",nan
usa,body surfing,lacerations to hand and wrist,n
usa,surfing,lacerations to foot,n
usa,swimming,provoked incident torso bitten by shark hooked by an angler,n
usa,surfing,"no injury, surboard bitten",n
usa,body surfing,right hand bitten,n
st martin,transatlantic rowing,his boat was holed by a shark,n
bahamas,spearfishing,no injury but shark took his pole spear,n
australia,surfing,"no injury, surfboard 'attacked'",n
australia,body boarding,lacerations to knee,n
australia,petting a shark,lacerations to right hand by captive shark provoked incident,n
brazil,fishing,severe injury to arm,n
usa,standing,"abrasion to right hand, lacerations to left forearm",n
australia,body boarding,minor injury to torso,n
japan,surfing,left arm bitten,n
usa,kneeling in the water,shallow lacerations & puncture wounds below shoulder,n
usa,swimming,laceration to right lower leg,n
australia,surfing,lacerations & puncture wounds to ankle and foot,n
usa,tagging sharks,laceration to left hand,n
australia,fell into the water,lacerations to legs,n
france,scuba diving,lacerations to left thigh and hip,n
australia,teasing a shark,cut to tip of finger by a captive shark provoked incident,n
usa,body boarding,calf bitten,n
australia,surfing,"no injury, but surfboard severely damaged",n
usa,wading,lacerations and puncture wounds to right foot,n
usa,surfing,puncture wounds to right thigh,n
usa,diving,"no injury no attack 12' white shark appeared curious, not aggressive & departed when prodded by spear",nan
usa,swimming,lacerations to left foot,n
south africa,diving,4-inch laceration to arm,n
usa,surfing,laceration to right hand and cuts on fingertips,n
australia,spearfishing,minor injury,n
usa,swimming,laceration & puncture wounds to right foot,n
usa,wading,minor lacerations to left foot,n
south africa,shark watching,"no injury to occupants, shark bit pontoon",n
south africa,fishing,lacerations to leg & hand by hooked shark provoked incident,n
usa,surfing,minor puncture wounds to lower left leg,n
usa,surfing,lacerations to foot,n
australia,swimming,fatal,y
australia,diving for lobsters,shark bites may have been post mortem,nan
south africa,swimming,fatal,y
usa,kite surfing,lacerations to left forearm,n
usa,surfing,lacerations to toes and heel of right foot,n
new caledonia,kite surfing,lacerations to calf,n
australia,surfing,shark leapt onto surfboard; surfer uninjured,n
australia,nan,"injuries to wristhand by a mackerel, not a shark",nan
australia,swimming,minor lacerations to foot,n
cayman islands,scuba diving  culling lionfish,"caribbean reef shark buzzed him no injury, no attack",nan
usa,surfing,lacerations to toes,n
french polynesia,kitesurfing,lacerations to lower leg,n
papua new guinea,sailing,"no injury to occupants, hull bitten",n
australia,spearfishing  free diving,fatal,y
trinidad & tobago,fishing,possibly a provoked incident,n
new zealand,surfing,lacerations to leg,n
australia,fishing,lacerations to ring and pinky fingers of his left hand by hooked shark provoked incident,n
new zealand,spearfishing,minor injury to left lower leg & heel,n
japan,sea disaster,5 cm bite to left foot,n
usa,free diving  photographing pilot whales,"""minor laceration to shoulder""",n
new zealand,filming a documentary,"no injury to occupants, shark nudged and bit boat",n
new caledonia,snorkeling,leg bitten,n
south africa,surfing,injuries to left thigh,n
kiribati,attempting to remove fishing net from submerged object,severe injury to arm,n
usa,boogie boarding,lacerations to right hand & knee,n
usa,surfing,right foot bitten,n
australia,surfing,"puncture wounds to hand, laceration to leg",n
usa,kayaking  fishing,fatal,y
australia,body boarding,fatal,y
usa,snorkeling,right calf bitten,n
australia,surfing,fatal,y
usa,surfing,"no injury, board bitten",n
australia,surfing,"no injury, board bumped by shark",n
bahamas,shark fishing,injuries to arm & leg by hooked shark   provoked incident,n
usa,body boarding,"no injury, swim fin bitten",n
usa,surfing,foot bitten,n
usa,kiteboarding,severe bite to right calf & anklel,n
australia,snorkeling,lacerations to right arm,n
reunion,body boarding,right leg severed,n
australia,diving for crayfish,"no injury, swim fin shredded",n
australia,surfing,injuries to right foot,n
usa,diving,"3"" laceration to left hip",n
usa,surfing,"no injury, shark bit surfboard",n
usa,wading,bitten on left calf & foot,n
south africa,swimming  snorkeling,fatal,y
australia,diving for abalone,"injuries to torso, head and face",n
usa,surfing,laceration to thigh,n
usa,wading,lacerations to  right forearm,n
usa,surfing,lacerations to hand,n
israel,diving,hand bitten,n
usa,standing,laceration and puncture wounds to ankle,n
usa,swimming,lacerations to right foot,n
usa,surfing,lacerations to left foream,n
usa,swimming,lacerations to right foot,n
usa,surfing,heel bitten,n
usa,nan,no details,unknown
usa,surfing,foot bitten when he accidentally jumped onto the shark provoked incident,n
usa,standing,"minor injury, shin bitten",n
usa,swimming,shoulder bitten,n
usa,nan,arm bitten by captive shark provoked incident,n
bahamas,nan,leg injured,n
usa,casting a net,lacerations to left calf,n
bahamas,spearfishing,lower left leg bitten,n
usa,swimming,foot bitten,n
usa,marathon swimming,"puncture wound to torso reported as a bite by a leopard shark, the tooth fragment appears to be that of a bony fish",nan
france,longline fishing for sharks,laceration to right arm from hooked shark  provoked incident,n
usa,boogie boarding,minor injury to left lower leg & heel,n
australia,wrangling a shark,lacerations to left forearm,n
usa,surfing,lacerations to buttocks & thigh,n
usa,surfing,"no injury, shark bumped surfboard",n
usa,snorkeling,fatal,y
usa,kiteboarding,no injury & not on board board adrift when bitten by shark,n
usa,surfing,"no injury, shark became entangled in his surfboard leash",n
south africa,attempting to free the shark,"unknown, but survived",n
usa,fishing,minor injury to foot & shin,n
usa,snorkeling,"lacerations to hand, face and torso",n
usa,swimming,foot bitten,n
bahamas,spearfishing,leg bitten,n
mexico,wading,hip bitten,n
usa,surfing,lower leg bitten,n
bahamas,cleaning fish,bitten on left hand,n
bahamas,diving,bitten on rear lower extremities,n
brazil,swimming,fatal,y
usa,walking in surf,lacerations and abrasions to foot and ankle,n
usa,swimming,4 cuts to posterior calf,n
reunion,swimming & snorkeling,fatal,y
diego garcia,swimming,fatal,y
usa,wading,right foot bitten,n
spain,swimming,"scrape to right forearm frennet says inflicted by a blue shark, but authorities question shark involvement",nan
australia,body surfing,"no injury, holes in wetsuit",n
taiwan,fishing,right thigh bitten,n
jamaica,nan,probable drowning with post-mortem bites,nan
usa,kayaking  fishing,"no injury, kayak scratched",n
usa,swimming,lacerations to left foot,n
usa,swimming,"bitten on lower right leg, reported as a minor injury",n
usa,swimming,right thigh & calf bitten,n
usa,swimming,left leg & hand bitten,n
south africa,surfing,lacerations to knee,n
usa,surfing,lacerations to left ankle,n
usa,boogie boarding,puncture marks to hand,n
usa,fishing for sharks,left hand bitten as he attempted to remove hook from shark provoked incident,n
australia,surfing,"no injury, board damaged",n
usa,diving,lacerations to right hand,n
usa,swimming,right foot bitten,n
brazil,nan,fatal,y
palestinian territories,fishing,two fingers lost provoked incident,n
ecuador,surfing,superficial injury to left calf,n
usa,surfing,shark bites were post-mortem,nan
reunion,body boarding,fatal,y
usa,surfing,lacerations to left foot and ankle,n
australia,fishing,foot bitten by landed shark provoked incident,n
mexico,swimming,avulsion injury  to lower right leg,n
australia,fishing,puncture wounds and lacerations to both legs,n
usa,playing in the surf,lacerations to right foot,n
south africa,free diving,"""light scratch on handwrist area""",n
usa,surfing,minor lacerations to right hand,n
guam,nan,fatal,y
french polynesia,kite boarding,"underside of board, fins and, harness were damaged, and left  hip, thigh and buttock sustained puncture wounds",n
usa,swimming,lacerations to hand,n
australia,nan,disappeared no evidence that he was taken by a shark,nan
usa,surfing,right thigh bitten,n
australia,surfing,never happened; it was a  hoax,nan
seychelles,free diving,lacerations to left foot,n
belize,snorkeling,toe injured,n
bahamas,fly fishing,left foot bitten,n
south africa,fishing - 'tag & release',lacerations to left calf and heel from hooked shark provoked incident,n
south africa,surfing,"no injury, surfboard bitten",n
jamaica,spearfishing,fatal,y
australia,spearfishing,laceration to left hand,n
philippines,swimming to shore with floatioon devices after boat engine conked out,minor leg injuries,n
south africa,swimming,injuries to arms & hands,n
new zealand,swimming,fatal,y
usa,surfing,lacerations to right leg,n
usa,surfing,"no injury, shark bit rail of foam board",n
usa,surfing,lacerations to right hand,n
french polynesia,scuba diving,lacerations to right arm & thigh,n
jamaica,nan,knee bitten,n
australia,fishing,"no injury to occupants, shark bit propeller",n
australia,surfing,lacerations to neck,n
australia,dragging stranded shark into deeper water,"no injury, a 3 m blue shark merely snapped at the man",nan
usa,surfing,left forearm bitten,n
new zealand,spearfishing,minor cut on finger,n
australia,spearfishing  free diving,calf & shin bitten,n
usa,swimming,lower leg or ankle bitten,n
australia,surfing,"no injury, chunk missing from surfboard",n
australia,paddle boarding,lacerations to thigh and hand,n
south africa,swimming,fatal,y
australia,surfing,no injury,n
usa,surfing,lacerations to left foot,n
australia,spearfishing,minor puncture wounds to knee,n
new zealand,scuba diving,"no injury, shark grabbed hood",n
usa,snorkeling,lacerations to thigh & lower left leg,n
australia,nan,"injury to ankle caused  by a stingray, not a shark",nan
mexico,swimming,fatal,y
usa,surfing,minor lacerations to left foot & heel,n
usa,diving,right lower leg and foot bitten,n
usa,surfing,"no injury, surfboard bitten",n
usa,surfing,multiple lacerations to torso,n
usa,swimming,"puncture wounds to thigh, defense wounds  to hand",n
usa,surfing,fatal,y
usa,nan,left calf bitten,n
usa,surfing,minor bite to ankle,n
usa,paddle boarding,"no injury, board bitten",n
usa,nan,laceration to toe,nan
nigeria,bathing,laceration to right leg,n
usa,windsurfing,"no ijnury to boardrider, shark struck board breaking the mast",n
australia,bodyboarding,"no injury, but swim fin bitten & torn",n
usa,surfing,lacerations to left forearm,n
usa,surfing,left foot bitten,n
usa,surfing,foot bitten,n
tonga,swimming,injuries to thighs & buttocks,n
usa,surfing,minor injury to elbow,n
usa,surfing,right foot bitten,n
usa,swimming,lacerations to right calf,n
usa,surfing,right calf bitten,n
usa,surfing,lacerations to foot,n
usa,surfing,puncture wounds to hand,n
usa,boogie boarding,puncture wounds to calf and hand,n
usa,spearfishing,minor laceration to hand  provoked incident,n
usa,swimming or boogie boarding,puncture wound to left ankle,n
scotland,shark fishing,"no injury, shoe bitten by hooked and landed shark provoked incident",n
australia,surfing,lacerations to torso and arm,n
brazil,swimming,fatal,y
usa,wading or swimming,lacerations to leg,n
australia,fishing,"no injury, shark grabbed outboard motor",n
usa,free diving,lacerations to little finger of left hand,n
reunion,surfing,right hand and foot severed,n
french polynesia,spearfishing,shoulder bitten,n
usa,surfing,"no injury, surfer knocked off board when shark struck surfboard",n
australia,surfing,lacerations to torso & arm,n
usa,surfing,left foot bitten,n
usa,body surfing,lacerations to both legs below the knees,n
usa,nan,shark involvement unconfirmed,nan
reunion,surfing,fatal,y
trinidad & tobago,swimming,probable drowning with post-mortem bite,nan
canada,surfing,"lacerations to 2 fingers, but shark involvement unconfirmed",nan
australia,surfing,fatal,y
usa,swimming,lacerations to right ankle and calf,n
bahamas,spearfishing,lacerations to right leg,n
australia,scuba diving,cause of death was drowning & preceded shark involvement,nan
usa,kayaking,"no injury, kayak bitten",n
south africa,surfing,lacerattions to left thigh & knee,n
croatia,swimming,"leg struck initally reported as a shark attack, but involved a swordfish",nan
usa,swimming,thigh bitten,n
usa,surfing,nip to left foot,n
usa,sitting in the water,laceration to left calf,n
australia,surfing,"knocked off board, shark bit nose off surfboard",n
usa,swimming,minor injury,n
australia,surf skiing,"no injury, ski severely damaged",n
usa,standing,"laceration to foot injured by a stingray, not a shark",nan
usa,wading,numerous puncture wounds to leg,n
usa,fishing,superficial injury to calf by hooked shark provoked accident,n
usa,swimming,foot & hand bitten,n
usa,swimming,minor injury,n
usa,swimming,calf bitten,n
usa,swimming,laceration to right foot,n
australia,surfing,laceration to right foot,n
italy,attempting to rescue an injured & beached shark,lower left leg injured provoked accident,2017
australia,surf skiing,"no injury, ski bitten",n
usa,surfing,laceration to thigh,n
usa,boogie boarding,severe laceration to foot,n
usa,wading,foot bitten,n
mexico,free diving  spearfishing,left hand severed,n
usa,surfing,lacerations to foot,n
usa,kayak fishing,"no injury, teethmarks in kayak",n
fiji,spearfishing,lacerations to head,n
usa,kayaking  fishing,"no injury, kayaker fell in the water when kayak bitten by a shark",n
usa,swimming,upper left thigh bitten,n
usa,paddle boarding,"no injury, shark bit paddleboard",n
usa,surfing,lacerations to hand,n
south africa,body boarding,fatal,y
australia,kayaking,minor wound to his thigh when shark bit kayak,n
usa,surfing,lacerations to left foot,n
usa,nan,right shin bitten,n
australia,scuba diving,fatal,y
usa,surfing,minor lacerations to foot,n
australia,crayfishing,"no injury to occupants shark bit propelle, rope & crayfish float",n
australia,surfing,lacerations to left calf,n
usa,surfing,left forearm bitten,n
usa,surfing,bitten on ankle,n
usa,surfing,bitten on calf,n
new zealand,surfing,lacerations to left calf,n
australia,"diving, feeding sharks",superficial lacerations to right side of face provoked accident,n
reunion,body boarding,"no injury, board bitten",n
usa,kite surfing,lacerations to left calf,n
saudi arabia,attempting to kite surf from egypt to saudi arabia,harassed by sharks but not injured by them,nan
chile,fishing illegally,hand injured provoked incident,n
usa,kite surfing,laceration to right foot when he struck a shark provoked incident,n
australia,fishing,laceration to left foot,n
south africa,fishing,"no injury to occupants, boat damaged",n
australia,surfing,"no injury, but fin lost from surfboard",n
usa,snorkeling,"no injury, shark bit swim fin",n
australia,snorkeling,lacerations to right forearm,n
bahamas,"diving, photographing sharks","no injury, shark grabbed his camera",n
taiwan,fishing,bitten on left thigh     provoked accident,n
australia,surfing,lacerations to thigh,n
south africa,swimming,fatal,y
usa,surfing,"no injury, surfboard damaged",n
australia,surfing,right forearm and wrist injured,n
australia,spearfishing,"no injury, punctures to swim fin",n
usa,nan,hand injured,n
antigua,swimming,bitten on right hand & wrist,nan
ecuador,surfing,lacerations to left thigh and calf,n
usa,surfing,laceration to ankle,n
usa,canoeing,"no injury, after kayak collided with the shark, it bit the rudder  provoked incident",n
south africa,kayak fishing,no injury but kayak dented,n
australia,surfing,5 puncture wounds to thigh,n
south africa,surf skiing,"no injury, ski damaged",nan
australia,surfing,minor injuries to left leg,n
usa,surfing,minor injury to calf,n
australia,spearfishing,killed by a shark or crocodile,nan
australia,surfing,torn shoulder ligament as result of collision with shark,n
indonesia,surfing,lacerations to right hand,n
australia,swimming,puncture marks to foot,n
usa,kayaking,"no injury, kayak bitten",n
papua new guinea,scuba diving,"no injury, shark collided with diver",n
brazil,surfing,legs bitten,n
reunion,free diving  spearfishing,left foot bitten,n
usa,surfing,"lacerations to right wrist, foream & neck",n
scotland,surfing,"no injury, shark bumped leg & board",n
south africa,diving,arm bitten by captive shark provoked incident,n
australia,diving,fatal,y
usa,surfing,"no injury, shark bit surfboard",n
australia,diving,small bruise to calf,n
usa,surfing,foot bitten,n
usa,surfing,no injury,n
australia,swimming,fatal,y
reunion,canoeing,no injury to occupant,n
usa,wade fishing,minor injury to thigh,n
usa,nan,lacerations to right wrist and middle finger,n
usa,surfing,lacerations to lower right leg,nan
dominican republic,fishing,severe injuries to left arm provoked incident,n
south africa,swimming,"right leg severed, left leg lacerated",n
usa,spearfishing,laceration to left thigh,n
usa,jumping in the waves,laceration to left thigh,n
usa,canoeing,"no injury, canoe bitten by shark",n
reunion,body boarding,fatal,y
kenya,swimming,fatal,y
usa,surfing,lacerations to arm,n
usa,surfing,"no injury, board bitten",n
papua new guinea,kite surfing,lacerations to right leg,n
usa,surfing,"no injury, shark bit surfboard",n
australia,body boarding,fatal,y
usa,surfing,lacerations to ankle & foot,n
usa,surfing,lacerations to lower leg,n
australia,swimming,fatal,nan
usa,wade fishing,"lacerations to anterior left shin, abrasion to posteior right leg",n
russia,"standing, collecting sea stars",superficial laceration to shoulder,n
usa,surfing,lacerations to foot,n
usa,nan,heel bitten,n
south africa,surfing,fatal,y
russia,swimming,"lacerations to hip, thigh and knee",n
usa,wading,lacerations to foot,n
usa,nan,abrasions to left hand,nan
russia,swimming,hands severed,n
french polynesia,surfing,"no injury, board bitten",n
usa,floating,lacerations to  lower right leg and foot,n
seychelles,swimming or snorkeling,fatal,y
usa,playing in the surf,puncture wounds to foot,n
usa,swimming,lower right leg bitten,n
seychelles,diving,fatal,y
brazil,swimming,cause of death may have been drowning; remains scavenged by sharks,nan
philippines,sea disaster,the two malabagos were bitten by sharks but survived the other occupants of the boat  were rescued,n
usa,wade fishing,"no injury, shark bit boot",n
south africa,surfing,upper left arm & right leg bitten,n
usa,boogie boarding,lower right leg & foot bitten,n
reunion,kayaking or wave skiing,no injury,n
usa,surf fishing,lacerations to left foot,n
bahamas,scuba diving,injuries to arm,n
usa,swimming,foot bitten,n
usa,wade fishing,lacerations to right foot,n
reunion,surfing,minor injuries: scratches on nose & ankle board broken in two,n
columbia,kayaking,"right arm bitten, defense wounds to left hand",n
turks & caicos,snorkeling,lacerations to left shoulder and back,n
brazil,surfing,lacerations to right thigh,n
south africa,scuba diving,severe lacerations to hands and  left leg,n
usa,playing in the surf,ankle bitten,n
usa,surfing,shark leapt onto surfboard; surfer uninjured,n
usa,jet skiing,lacerations to foot and ankle,n
turks & caicos,spearfishing,right calf bitten,n
costa rica,surfing,fatal,y
reunion,boogie boarding,fatal,y
united kingdom,fishing,"no injury, shark slammed into boat",n
usa,scuba diving,lacerations to right calf,n
columbia,spearfishing,injuries to right hand and forearm,n
usa,spearfishing,"no injury, minor damage to wetsuit",n
usa,wading,puncture wound to calf,n
malaysia,snorkeling,laceration to dorsum of right foot,n
usa,standing or boogie boardin,lacerations & punctures to right thigh,n
south africa,surfing,"no injury, board bumped by shark",n
usa,surfing,"no injury, board bitten",n
usa,paddle boarding,"no injury, board bitten",n
south africa,spearfishing,"thigh bitten, fatal",y
usa,body surfing,lacerations to left foot & ankle,n
new caledonia,kite boarding,"thigh bitten, fatal",y
usa,surfing,minor injury; puncture wounds to calf,n
usa,fishing,laceration to arm by captive shark provoked incident,n
united arab emirates uae,fishing,"erroneously reported on several internet sites as a ""shark attack"", it was the shark 8', 300-kg mako shark that was attacked, not the fisherman",nan
south africa,spearfishing,calf bitten,n
usa,spearfishing,calf bitten,n
australia,washing sand off a speared fish,heel bitten,n
usa,surfing,minor puncture wounds,n
new zealand,surfing,puncture to left hand,n
indonesia,surfing,lacerations to forearm,n
fiji,diving,minor injuries to left leg and hand,n
usa,"standing, holding shark pup",minor laceration to shoulder from captive shark provoked incident,n
mexico,swimming,lower leg & foot bitten,n
australia,surfing,severe injury to left forearm,n
mexico,swimming,right foot bitten,n
fiji,diving  fishing,"left forearm severely bitten, surgically amputated",n
australia,wakeboarding,"severe injuries to head, neck, shoulder & upper left arm",n
egypt,nan,"apparent drowning, and subsequent scavenging by 16' tiger shark",nan
australia,surfing,"no injury, surboard broken",n
australia,fishing,lacerations to right hand by hooked shark provoked incident,n
new caledonia,spearfishing,lacerations to left forearm,n
reunion,surfing,left leg severed at the knee,n
australia,diving for abalone,fatal,y
australia,fishing,lacerations to calf by hooked shark provoked incident,n
australia,snorkeling,arm bitten,n
mexico,shark fishing on the ricardo astorga,left foot bitten provoked incident,n
south africa,surf fishing,right leg bitten,n
mexico,swimming,"leg, forearm & hand severely bitten",n
mexico,shark fishing on the don agustín-vi,left eg bitten provoked incident,n
bahamas,scuba diving,arm bitten,n
australia,swimming,lacerations to both legs,nan
south africa,surfing,fatal,y
mexico,attempting to fix motor,bitten on leg and groin,n
australia,fishing,"no injury, shark nudged boat and bit propeller",n
usa,body boarding,"lacerations to his lower left leg, calf, foot & ankle",n
fiji,surfing,lacerations to  foot,n
usa,surfing,lacerations to right foot,n
egypt,snorkeling,fatal,y
indonesia,surfing,lacerations to right hand,n
egypt,snorkeling,both arms severely bitten,n
egypt,snorkeling,lacerations to right leg,n
egypt,snorkeling,"foot severed, right forearm severed, lacerations to left hand defense wounds",n
egypt,snorkeling,foot and arm bitten,n
samoa,fishing,serious wounds to chest,n
australia,swimming,death may have been due to drowning,nan
usa,snorkeling,head bitten by netted shark provoked incident,n
dominican republic,diving,fatal,y
indonesia,surfing,hand bitten,n
australia,fishing,no injury to occupant shark rammed bottom of the boat,n
australia,snorkeling,torso and left buttock bitten,n
australia,spearfishing,"no injury, shark head-butted diver's thigh",n
usa,surfing,no injury to surfer,n
azores,fishing,provoked incident,n
usa,scuba diving,"no injury to diver, shark bit his video camera",n
australia,kite surfing,lacerations to lower right leg,n
usa,body boarding,fatal,y
egypt,snorkeling,multiple lacerations to left leg and foot,n
australia,surfing,foot bitten,n
bahamas,snorkeling,calf bitten,n
bahamas,surfing,bitten between left ankle & knee,n
south africa,surfing,3 lacerations to foot,n
usa,surfing,"no injury, surfboard rammed",n
usa,surfing,bite to left ankle and knee,n
south africa,swimming,fatal,y
australia,surfing,lacerations and puncture wounds to leg and foot,n
usa,swimming,lacerations to left wrist,n
tonga,swimming   whale watching,puncture wounds to right foot,n
usa,surfing,"no injury, shark charged surfboard",n
usa,surfing,lacerations to right  hand,n
usa,surfing,left thigh bitten,n
solomon islands,nan,lacerations to face and neck,n
bahamas,swimming after boat became disabled,"his partial remains were recovered from a 12' tiger shark on september 5, 2010 cause of death was thought to be drowning",nan
usa,boogie boarding,minor injuries to foot,n
australia,surfing,fatal,y
usa,kayak fishing,"no injury, kayak bitten",n
australia,fishing,leg bitten by hooked shark provoked incident,n
south korea,swimming,lacerations to left lower leg,n
australia,surfing,left foot bitten,n
usa,surfing,left foot bitten,n
malta,windsurfing,"no injury, sail bitten",n
usa,swimming,minor abrasions to legs when she was lifted on the back of a large marine animal,nan
usa,kayaking,"no injury, kayak bitten",n
usa,standing,lacerations to forearm,n
usa,standing,lacerations to right lower leg,n
usa,surfing,left foot bitten,n
usa,swimming,minor lacerations to left calf,n
usa,swimming,lacerations to right forearm,n
usa,surfing,minor lacerations to right foot,n
spain,swimming,lacerations to left foot when he stepped on the shark provoked incident,n
usa,fishing,leg bitten,n
usa,fishing,small laceration to forearm from netted shark  provoked incident,n
south africa,snorkeling,left leg bitten,n
usa,fishing,laceration to right bicep by hooked shark provoked incident,n
usa,surfing,laceration to left foot,n
usa,stand-up paddleboarding,"no injury, board bumped by shark",n
usa,surfing,lacerations to right foot,n
usa,boogie boarding,laceration to leg,n
usa,swimming,laceration to left foot,n
vietnam,swimming,laceration to left foot,n
usa,boogie boarding,lacerations to left calf and foot,n
australia,surfing,severe laceration to right knee,n
usa,surfing,lacerations to left foot,n
usa,fishing,laceration to left calf by hooked shark provoked incident,n
vietnam,rescuing,minor laceration to leg,n
vietnam,swimming,severe lacerations to left foot,n
australia,surfing,superficial lacerations to lower left leg,n
madagascar,scuba diving,lacerations to arm & chest,n
usa,wading,minor puncture wounds to right ankle,n
usa,measuring sharks,arm bitten provoked incident,n
usa,surfing,"no injury, surfboard bitten",n
south africa,surfing,both feet bitten,n
egypt,swimming  treading water,lacerations to left ankle and foot,n
reunion,surfing,"no injury, board bitten",n
new zealand,swimming,bruised but otherwise unhurt,n
south africa,surfing,lacerations to right leg,n
fiji,scuba diving,fatal,y
australia,snorkeling,lacerations to legs & buttocks,n
australia,surfing,"minor injury, lacerations to left lower leg",n
new zealand,spearfishing,"no injury, shark bit his speargun after he used it to prod the shark provoked incident",n
australia,body boarding,"no injury, shark & board collided",n
usa,surf fishing  wading,leg bitten while trying to free a hooked shark provoked incident,n
guam,spearfishing free diving,shark bites were post-mortem,nan
usa,kite boarding,fatal,y
new zealand,boogie boarding,stepped on shark provoked incident,n
brazil,surfing,foot bitten,n
australia,surfing,"no injury, surfboard bitten",n
united arab emirates uae,surfing,laceration to bottom of foot,n
australia,surfing,lacerations to right hand,n
south africa,standing,fatal,y
australia,snorkeling,2 sets of minor lacerations below her right knee,n
vietnam,nan,minor injuries,n
vietnam,nan,right wrist bitten,n
vietnam,bathing,left arm bitten twice,n
usa,spearfishing,lacerations to  arm,n
south africa,surfing,"no injury, reportedly knocked of his board by a shark",n
south africa,wading,lacerations to  left foot,n
australia,swimming,lacerations to lower left leg after stepping on the shark                 provoked incident,n
mozambique,swimming,multiple lacerations to right torso & arm defense wounds on  hands,n
australia,kayaking,"no injury to occupants, kayak bumped by shark",n
australia,spearfishing,lacerations to hand & forearm,n
south africa,paddling on kneeboard,fatal,y
south africa,surfing,"minor lacerations to left leg nitially reported as a shark bite, but involved a barracuda",nan
new zealand,swimming to shore from capsized kayak,fatal,y
australia,surfing,laceration to big toe,n
australia,rowing,no injury to occupants; shark bit steering oar,n
usa,diving,lacerations & puncture wounds to right calf & ankle when diver accidentally backed into the shark  provoked incident,n
usa,surfing,puncture wounds to right foot,nan
usa,wading,left foot bitten,n
usa,fishing,puncture wounds and minor lacerations to dorsal surface of his left hand,n
usa,surfing,foot bitten,n
usa,surfing,foot bitten,n
usa,surfing,foot bitten,n
australia,kayaking,ankle bitten,n
usa,surfing,"no injury, board broken in half",n
australia,kayaking,"no injury, shark bit kayak",n
mozambique,spearfishing,left ankle & foot bitten,n
australia,paddle-boarding,"no injury, shark bit rear of paddleboard",n
usa,surfing,"3 puncture wounds to big toe of left foot, and laceration on arch of foot",n
usa,surfing,bitten on upper right thigh & right ankle,n
panama,wading,arm & torso bitten,n
scotland,diving,15-20 puncture wounds to arm by captive shark  provoked incident,n
australia,diving,severe lacerations to lower right leg,n
usa,surfing,laceration to shin of left leg,n
united kingdom,fishing,injury to forearm from shark's spine provoked incident,n
usa,swimming,laceration to right foot,n
vietnam,nan,lower right leg bitten,n
somalia,fishing,arm bitten provoked incident,n
brazil,nan,cause of death was drowning; his remains were scavenged by sharks,y
usa,swimming,fatal,y
brazil,"swimming, attempting to rescue a girl  believed to be drowning",fatal,y
nevis,swimming,death was due to drowning two days later his remains were recovered from a 12' tiger shark,nan
solomon islands,fishing,injuries to face & neck provoked incident,n
usa,surfing,no injury,n
south africa,surfing,fatal,y
usa,swimming,puncture wounds to left foot & calf,n
south africa,body boarding,"no injury, shark bit bodyboard",n
usa,swimming,puncture marks on left foot,n
usa,surfing,"no injury, surfboard bitten",n
usa,wade fishing,right ankle & foot bitten,n
bahamas,spearfishing,lacerations to calf,n
australia,surfing,left forearm grazed & puncture marks in wetsuit,n
vietnam,swimming,foot bitten,n
kenya,washing his feet,fatal,y
usa,wading,lacerations to anterior left lower leg,n
spain,swimming,laceration to left foot,nan
usa,swimming,laceration to left foot,n
usa,swimming,laceration to lower right leg,n
vietnam,swimming,severe bite to right leg,n
bahamas,spearfishing,leg bitten by shark that had been shot in the head by another diver provoked incident,n
usa,paddle-surfing,"no injury, shark collided with surfer & board",n
south africa,surfing,leg bitten,n
usa,boogie boarding,right ankle bitten,n
usa,swimming,thigh injured by hooked shark provoked incident,n
australia,surfing,2-inch laceration to upper left arm,n
usa,surfing,puncture wounds to foot,nan
usa,crawling,2-inch laceration to upper left arm,nan
vietnam,fishing for sharks,hand bitten by hooked shark provoked incident,n
egypt,scuba diving,lacerations to left hand,n
egypt,scuba diving,3 cm laceration to shoulder,n
egypt,snorkeling,fatal,y
taiwan,fishing,lacerations to knee & left lower leg by electrocuted captive shark provoked incident,n
usa,swimming,right foot bitten,n
usa,surfing,lacerations to left leg & foot,n
usa,surfing,lacerations to right foot,n
usa,surfing,lacerations to right hand,n
guam,spearfishing,speared shark bit his forearm provoked incident,n
bahamas,spearfishing,lacerations to right forearm after he poked the shark with his spear provoked incident,n
usa,nan,multiple lacerations to right foot & ankle,n
usa,surfing,no injury,n
usa,surfing,3 puncture wounds to posterior right ankle,n
philippines,swimming,legs bitten,n
usa,surfing,left foot bitten,n
usa,surfing,laceration to forearm,n
usa,spearfishing,missing,nan
australia,surf skiing,"no injury, catapulted into the water & ski damage",n
south africa,swimming,body not recovered,nan
usa,spearfishing,shark struck him but the diver was not injured,n
usa,wading,lacerations to right foot and ankle,n
south africa,fishing,calf bitten while helping angler measure the shark during fishing competition provoked incident,n
south africa,surfing,fatal,y
australia,surfing,"laceration to right foot, puncture wounds to calf",n
australia,surfing,"no injury, shark damaged surfboard",n
australia,surfing,"no injury, shark bit nose of surfboard",n
usa,surfing,minor bite to ankle,n
malaysia,feeding fish,minor injury,n
usa,swimming,"minor injury, bite chest and left calf",n
australia,wading,thigh bitten when he trod on the shark provoked incident,n
new caledonia,surfing,fatal,y
south africa,fishing,lacerations to arm and 2 fingers by hooked shark provoked incident,n
new zealand,fishing,"no injury to occupants, shark bit propeller",n
australia,surfing,lacerations to leg,n
australia,fishing,severe laceration to finger,n
australia,surfing,"no injury to surfer, but the nose of his board was broken",n
australia,surfing,severe injury to hand,n
australia,"diving, but on the surface when bitten by the shark",severe injuries to right hand & right thigh right hand  surgically amputated & his right leg a week later,n
usa,air disaster,it is probable that all 5 passengers died on impact the body of one was scavenged by a shark,y
australia,surfing,"no injury, surfboard dented",n
australia,surfing,"no injury, flung from surfboard by the shark",n
azores,fishing,left forearm bitten provoked incident,n
brazil,nan,probable drowning with post-mortem bites,nan
cuba,spearfishing,severe lacerations to lower left leg,n
new zealand,fishing,"no injury to occupant, shark removed small auxiliary outboard motor",n
australia,swimming,hand injured,n
south africa,swimming,fatal,y
brazil,swimming,"drowned, body scavenged by shark",nan
australia,fishing,"no injury to occupants, shark bit propeller",n
new zealand,surfing,"no injury, bumped off board by the shark",n
south africa,nan,fatal,y
australia,snorkeling,puncture wounds to right calf,n
australia,surfing,severe lacerations to right leg,n
australia,surfing,left thigh severely bitten,n
new zealand,fishing,"no injury to occupants, shark hit boat & bit outboard motor",n
ecuador,surfing,right lower leg bitten & defense wounds to hand,n
new zealand,swimming,posterior thigh bitten,n
cuba,spearfishing,lacerations to right calf,n
australia,crabbing,"reports said a shark attacked the dinghy, but vickery said it did not",nan
australia,yacht race,no injury to occupants -  shark became entangled in aft rudder,n
australia,boogie boarding,"no injury, shark tore his swim fin",n
australia,kayaking,"no injury, shark struck kayak, catapulting him into the water",n
australia,snorkeling,fatal,y
usa,kayaking,"no injury, shark struck paddle",n
new zealand,fishing,lacerations to left calf and ankle,n
south africa,fishing,"lacerations to knees, thigh and hip by hooked shark provoked incident",n
australia,fishing,shark bit boats sea anchor,n
mozambique,spearfishing,fatal,y
egypt,scuba diving,lacerations to fingers,n
philippines,sinking of the cargo ship mark jason,"of the 20 crew, 4 were bitten by shark none of their iinjuries were life-threatening",n
ecuador,nan,leg bitten,n
australia,fishing,"no injury to occupant, shark bit dinghy & motor",n
taiwan,fishing boat swamped in storm,fatal,y
philippines,fishing,torso & righ arm bitten fatal,y
australia,scuba diving,small laceration to head from captive shark,n
new caledonia,spearfishing,legs bitten,n
australia,fishing,right leg injured by hook and hooked shark provoked incident,n
australia,surfing,"no injury, board damaged",n
usa,fishing,lacerations,n
croatia,spearfishing,calf bitten,n
usa,surfing,small puncture wounds to the heel of left foot,n
usa,surfing,right foot bitten,n
australia,swimming,right hand lacerated by netted shark provoked incident,n
usa,swimming,lacerations to foot,n
usa,surfing,bitten on right thigh & calf,n
usa,surfing,"no injury to surfer, board bitten",n
australia,surfing,shark became tangled in his surfboard leash the surfer was not injured,n
usa,surfing,minor injury to foot,n
usa,surfing,minor injury to foot,n
usa,surfing,shark bumped right ankle,n
usa,surfing,right hand bitten,n
australia,surfing,"no injury, bumped off board by the shark",n
usa,swimming,death was probably due to drowning,nan
england,fishing,wrist bitten by hooked shark provoked incident,n
usa,surfing,superfical cut to left ankle,n
usa,surfing,lacerations to lower left leg,n
usa,"swimming, towing surfboard",minor injury to left foot,n
usa,surfing,calf bitten,nan
usa,swimming,3 lacerations to forearm,n
usa,nan,minor injuries,nan
usa,treading water,severe lacerations to left foot,n
usa,wading,puncture wounds & 3-inch laceration to right calf,n
usa,diving,"no injury, shark grabbed his bag of fish",n
australia,surfing,"no injury, surfboard leash severed",n
south africa,nan,lacerations to fingers,n
panama,swimming or surfing,5 lacerations to left foot,n
mexico,swimming,3 puncture wounds to toe,n
usa,swimming,minor injury,n
usa,surfing,right foot bitten,n
usa,snorkeling,forearm bitten,n
usa,wading,minor lacerations to  toe,n
usa,wading,lacerations to dorsum of right foot,n
usa,surfing,foot bitten after he stepped on the shark provoked incident,n
usa,wading,lacerations to lower left leg,n
egypt,diving,leg severed,n
usa,body surfing,"bruises, abrasions and some spinal and nerve damage when collided with marine animal, possibly a shark or dolphin",nan
usa,surfing,laceration to foream,n
usa,swimming,lacerations to  right foot,n
usa,nan,lacerations to right foot,n
united kingdom,rowing an inflatable dinghy,shark leapt into & damaged the dinghy but no injury to occupants,n
usa,wading,probable drowning with post-mortem bites,nan
bahamas,spearfishing,lacerations to calf,n
south africa,surf skiing,"no injury, ski bitten",n
south africa,spearfishing free diving,no injury,n
usa,surfing,minor laceration to foot,n
usa,swimming,lacerations to hand,n
brazil,surfing,"no injury, board bitten",n
usa,kayaking,"no injury shark bumped kayak, flinging her into the  water",n
usa,wading,lacerations to lower right calf,n
brazil,surfing,laceration to left leg & foot,n
usa,body surfing,lacerations & abrasions to right hand,n
scotland,fishing,no injury to occupants; shark struck their boat,n
usa,body surfing,foot bitten,n
brazil,swimming,"hand severed, buttocks bitten",n
usa,surfing,biceps & lower arm bitten,n
bahamas,sea disaster,boat capsized in squall 2 bodies scavenged  by sharks,n
mexico,surfing,lacerations to right forearm and hand,n
mexico,surfing,fatal,y
fiji,night diving,fatal,y
australia,swimming,severe lacerations to left leg,n
new caledonia,fishing,lower legs bitten,n
usa,wading,2 inch laceration to left lower calf,n
south africa,fishing,leg bitten by shark taken aboard japanese trawler provoked incident,n
mexico,surfing,fatal    severe bite to right thigh,y
usa,surfing,3-inch laceration to dorsal surface of left foot,n
usa,surfing,calf bitten,n
new caledonia,swimming,lacerations to left foot,n
usa,surfing,puncture wounds to right foot                  provoked incident,n
usa,swimming,fatal,y
usa,surfing,cuts & punctures to right foot,n
australia,nan,nan,unknown
south africa,free-diving,"as he pushd the shark away from his camera, his finger was cut on a tooth",nan
mexico,swimming,probable drowning with post-mortem bites,nan
australia,surfing,2 puncture wounds to leg,nan
usa,surfing,puncture wounds to right foot,n
fiji,spearfishing,left forearm bitten,n
usa,wading,shin bitten,n
usa,surfing,foot bitten,n
australia,body boarding,fatal,y
usa,walking out of the water after surfing,right foot & ankle bitten,n
south africa,fishing from surfski,right leg bitten,n
usa,surfing,foot bitten,n
usa,boogie boarding,right foot bitten,n
usa,walking out of the water after surfing,three small lacerations punctures to right foot,n
usa,wading,two 3-inch lacerations to right ankle,n
usa,jet skiing,minor injury,n
usa,surfing,"no injury to surfer, surfboard bitten by the shark",n
bahamas,diving,"leg bitten, fatal",y
french polynesia,spearfishing,lacerations to face,n
usa,surfing,lacerations to foot,n
australia,surfing,abrasions to elbow; collided with shark,n
usa,surf-skiing,lacerations to foot,n
japan,diving,"no injury, captive shark attempted to bite diver's arm provoked incidentt",nan
south africa,surf-skiing,"no injury to surf-skiier, shark holed ski",n
australia,accidentally stood on hooked shark's tail before attempting to gut it,laceration to left knee provoked incident,n
new zealand,wading,"stingray envenomation, not a shark",nan
new zealand,attempting to chase shark out to sea,"no injury to occupants, pontoon punctured",n
usa,surfing,left foot bitten,n
usa,fishing for snapper,minor injury to hand by hooked shark   provoked incident,n
mexico,surfing,leg bitten,n
ecuador,surfing,lacerations & puncture wounds  to left thigh,n
british virgin islands,scuba diving,shark bites were post-mortem,nan
australia,surfing,severe lacerations to right buttock,n
australia,swimming,lacerations to hand,n
australia,swimming,lacerations to left forearm,nan
usa,surfing,"no injury, shark bit surfboard",n
new zealand,surfing,"no injury, shark bit surfboard & severed leash",n
brazil,removing fish from a trap,20 cm injury to left foot,n
australia,fishing,minor injury to finger by netted shark provoked incident,n
australia,surfing,"no injury, teethmarks in board & torn wetsuit",n
south africa,surfing,lacerations to feet,n
usa,surfing,cut to right knee,n
usa,surfing,lacerations to right leg,n
south africa,surfing,lacerations to thigh,n
mexico,shark diving,white shark breached cage no injury to occupants,nan
usa,floating,lacerations to left lower leg,n
australia,surf-skiing,small laceration to wrist,n
australia,spearfishing,laceration to calf,n
usa,surfing,4 scratches on left hand,n
usa,surfing,severe lacerations to right hand,n
usa,surfing,puncture wound to foot,n
philippines,"the 426-ton cargo ship mia, laden with cement, capsized in heavy seas","fatal        only 4 of the 18 on board were rescued, some of the missing were allegedly killed by sharks",y
new caledonia,swimming,fatal,y
bahamas,spearfishing,thigh bitten,n
usa,surfing,"no injury to surfer, surfboard bitten",n
egypt,swimming,"severe lacerations to lower left leg, ankle and foot",n
usa,scuba diving,shark involvement prior to death unconfirmed,nan
usa,surfing,laceration to foot,n
usa,surfing,small lacerations to bottom of right big toe,n
solomon islands,spearfishing,left thigh bitten,n
usa,wading,laceration to right heel,n
usa,surfing,"no injury, surfboard bitten",n
usa,snorkeling,"minor injury, shark latched onto his abdomen",n
usa,wading,puncture wounds & 2-inch laceration to calf,n
usa,wading,laceration to right big toe,n
usa,standing,lacerations to left calf and both feet,n
usa,jumping,tiny punctures to arm,n
usa,swimming,"3"" laceration to left forearm",n
usa,body boarding,laceration to right heel,n
usa,surfing,lacerations to thigh & torso,n
usa,surfing,left hand  bitten,n
usa,surfing,6 lacerations to left hand,n
usa,diving,minor injury from captive shark provoked incident,n
usa,fishing,forearm bitten by hooked shark provoked incident,n
usa,swimming,torso bitten,n
usa,surfing,foot bitten,n
usa,playing,right calf bitten,n
usa,floating near boat & observing bioluminesce,puncture wounds to torso,n
usa,swimming,"minor injury, small lacerations to right foot",n
usa,walking out of the water after surfing,"minor injury, lacerations to left ankle & foot",n
usa,swimming,lacerations to right foot,n
usa,boogie boarding,lacerations to lower leg & ankle,n
usa,jumped into the water,lacerations to arm,n
usa,surfing,minor injury to shoulder,n
usa,surfing,"no injury, shark bit surfboard",n
usa,surf paddling,"no injury, surfboard bumped by shark for 20 minutes",n
usa,kayak fishing,"no injury, kayak bitten",n
usa,snorkeling,left calf severely bitten,n
australia,wading,calf bitten,n
usa,swimming,right calf bitten,n
norway,scuba diving,provoked incident           no injury diver touched 'dead' shark; shark bit his equipment-covered arm,n
usa,swimming,foot injured shark involvment uncomfirmed,nan
usa,wading,lacerations to right thigh & left foot,n
bahamas,spearfishing,"lacerations to thumb, ring and pinky fingers of right hand",n
usa,surfing,right foot bitten,n
reunion,body boarding,minor injuries to thigh & knee,n
senegal,murder,nan,nan
usa,removing hook from shark,lacerations to right  hand by hooked shark provoked incident,n
usa,swimming,hand bitten,n
usa,surfing,6 to 8 puncture wounds to right hand,n
usa,surfing,"no injury, board damaged",n
usa,surfing,superficial injuries to upper leg may have been caused by surfboard fin,nan
usa,swimming,right foot bitten,n
australia,surfing,lacerations to leg & ankle,n
usa,wading,lacerations to lower leg,n
usa,reviving a sedated shark,left shin bitten by captive shark provoked incident,n
england,fishing,bitten on the nose by a hooked shark provoked incident,n
australia,wading,left heel & calf bitten,n
australia,surfing,"no injury, shark's fin caught his leg",n
usa,surfing,knee bitten,n
seychelles,snorkeling,no injury,n
australia,swimming,shark involvement prior to death unconfirmed,nan
usa,snorkeling,right foot bitten,n
usa,swimming,circular bite on left thigh,n
turks & caicos,sea disaster,some of the bodies recovered had been bitten by sharks,y
bahamas,shark tagging,lacerations to right upper arm by captive shark provoked incident,n
australia,swimming  jumping off a jetty,lower leg & foot injured,n
usa,body boarding,left foot bitten,n
usa,surfing,lacerations to left index finger & thumb,n
usa,fishing,"no injury to occupants, shark holed the transom-mounted livewell",n
new caledonia,surfing,left foot bitten,n
usa,playing on a sandbar,lacerations & puncture wounds to right calf,n
usa,surfing,lacerations to right ankle,n
usa,nan,minor cuts to right buttock & thigh,n
yemen,murder,"fatal,  beaten & thrown overboard by smugglers, they  were killed by sharks",y
usa,surfing,punctures & lacerations to right calf & calf,n
australia,surfing,lacerations to 3 fingers of left hand,n
usa,shark fishing,right hand bitten by hooked shark provoked incident,n
australia,swimming,"bruises to arm and hand, laceration to lower leg & minor injuries to foot",n
usa,surfing,lacerations to right forearm & hand,n
new zealand,spearfishing,leg bitten  by shark after he shot at it & missed  provoked incident,n
costa rica,swimming,death due to drowning shark bite may have been postmortem,nan
australia,boogie boarding,lacerations to  lower left leg & ankle,n
new caledonia,spearfishing,survived,n
new caledonia,spearfishing free diving,leg bitten,n
usa,shrimping,"a large shark rammed boat, breaking prop shaft no injury to occupants but boat sank several hours later",n
australia,diving,head & torso bitten,n
australia,swimming,shark involvement prior to death unconfirmed,nan
south africa,swimming  body surfing,"presumed fatal, body not recovered",y
australia,surfing,"no injury, shark damaged surfboard",n
usa,surfing,no injury,nan
usa,surfing,"no injury, shark removed piece of surfboard",n
french polynesia,scuba diving,scratch on face provoked incident,nan
australia,surfing,left leg bitten,n
new zealand,surfing,foot bitten,n
usa,surfing,"minor injuries, surfboard bitten",n
south africa,fishing,"hand, thigh & calf bitten by hooked shark provoked incident",n
australia,body boarding,"right leg severed, left leg lacerated",n
philippines,sea disaster,15 perished but shark involvement prior to death was not confirmed,y
usa,swimming,laceration to left thigh & left hand,n
south africa,canoeing,left arm lacerated when he grabbed shark by its tail provoked incident,n
usa,surfing,"no injury, surfboard bitten",n
usa,fishing,lower right leg and foot bitten,n
usa,surfing,left ankle bitten,n
usa,surfing,lacerations to lower left leg,n
usa,playing soccer in the water,lacerations to foot,n
bahamas,free diving  modeling,puncture wounds to left foot,n
gulf of aden,murder,"fatal,  beaten & thrown overboard by smugglers, they  were killed by sharks",y
south africa,spearfishing,no injury; 4m white shark made a threat display,nan
usa,surfing,big toe bitten,n
usa,diving  kissing the shark,lacerations to upper lip    provoked incident,n
usa,surfing,laceration to left thigh,n
usa,swimming,minor injury to left hand,n
usa,surfing,left torso grazed,n
australia,diving,"killed by a stingray, not a shark - a tragedy for his family and marine wildlife",nan
brazil,nan,fatal,y
usa,standing,puncture wounds and cuts to right thigh,n
usa,swimming,arm bitten,n
south africa,surfing,"no injury, shark rammed surfboard",n
usa,surfing,laceration & puncture wounds to foot,n
australia,surfing,"no injury, shark towed  surfer & board",n
reunion,body boarding,laceration to right calf & heel,n
brazil,nan,shark bites may have been post mortem,nan
belize,spearfishing,shark involvement prior to death not confirmed,nan
italy,sea disaster,fatal,y
reunion,surfing,fatal,y
south africa,surfing,"no injury, surfboard leash severed",n
south africa,lifesaving drill,foot severed,n
usa,wading,lacerations & punctures to left foot,n
reunion,spearfishing,thigh bitten,n
usa,touching sharks,"minor injuries, similar to paper cuts from the captive sharks  provoked incidents",n
usa,surfing,minor injury,n
usa,boogie boarding,"bruises, laceration to head, spinal cord injury & neck broken at c5c6",n
usa,surfing,foot bitten,n
south africa,surf-skiing,"no injury, surf ski bitten",n
usa,surfing,minor lacerations to right foot,n
usa,surf fishing,right foot bitten,n
australia,nan,8 shark-bitten bodies washed ashore,nan
usa,standing,left ankle & foot bitten,n
spain,swimming,hand & wrist severely bitten,nan
usa,swimming,ankle & foot bitten,n
brazil,nan,fatal,y
usa,wading,dorsum of left foot bitten,n
usa,walking,lower leg & ankle bitten,n
usa,body boarding,foot bitten,n
usa,swimming,right calf bitten,n
usa,spearfishing,lacerations & puncture wound  to arm,n
usa,spearfishing,minor injuries,n
usa,body boarding,right calf bitten,n
usa,fishing,non-swimmer pulled off pier& into the water by a hooked shark provoked incident,n
bahamas,spearfishing,right arm severely bitten,n
usa,surfing,2-inch puncture wounds on right foot,n
brazil,body boarding,left thigh bitten fatal,y
usa,scuba diving,"no injury, shark bit scuba tank boot",n
usa,surfing,four 1-inch puncture wounds on left foot,n
usa,playing,lacerations & puncture wounds to left foot & buttocks,n
australia,surfing,"no injury, knocked off surfboard",n
usa,spearfishing,"4"" laceration to left forearm",n
usa,tagging sharks,"no injury to occupants, boat damaged by hooked shark provoked incident",n
usa,surfing,"no injury, shark bumped surfboard",n
usa,spearfishing,knee bitten after diver poked shark provoked incident,n
brazil,surfing,"injuries to left thigh, calf & foot",n
usa,scuba diving,laceration to leg,n
usa,nan,small lacerations to arm,n
usa,swimming,2 lacerations on lower right leg,n
australia,snorkeling,abrasion & 6 puncture wounds on chest after grabbing the shark by its tail provoked incident,n
usa,nan,shark bites post mortem,nan
usa,surfing,feet bitten,n
usa,standing,3 tiny punctures & small lacerations on right ankle,n
usa,fishing,3 to 4 cm laceration on foot from hooked shark brought on board provoked incident,n
australia,surfing,minor laceration to left foot,n
south africa,body boarding,leg bitten,n
brazil,swimming,left leg bitten,n
usa,wading,minor injury to right hand & thigh,n
sierra leone,fishing,reportedly fatal but few details,y
usa,surfing,5 puncture wounds in left calf,n
south africa,swimming,"fatal, but shark involvement prior to death unconfirmed",nan
fiji,surfing,lacerations to right hand,n
australia,surfing,"no injury, shark nudged surfboard",n
usa,standing,deep laceration to right calf,n
usa,free diving,forensic examination suggested diver drowned & afterwards his body was bitten by a sharks,nan
australia,wading,lacerations to foot,n
australia,swimming,puncture wound on arm,n
australia,fishing,no injury to occupants; shark nudged the 53 m boat,n
south africa,surfing,2 bite marks on right calf,n
tonga,swimming,severe bite to right leg fatal,y
usa,kayaking,no injury to occupant; shark bumped the kayak repeatedly for 15 minutes,n
atlantic ocean,competing in the woodvale atlantic rowing race,no injury to occupants; shark rammed boat repeatedly,n
south africa,spearfishing,right arm  bitten,n
atlantic ocean,competing in the woodvale atlantic rowing race,"no injury to occupants; a shark, accidentally caught in a line, threatened to rip out the transom",n
usa,night surfing,"no injury, but 2 small nicks on wetsuit",n
australia,scuba diving,lacerations to left elbow,n
bahamas,diving for lobsters,"no injury, divers felt threatened by 10' pregnant female tiger shark & killed the shark",nan
australia,swimming,fatal,y
usa,surfing,3 puncture wounds in right wrist & hand,n
south africa,diving for crayfish,lacerations to little finger,n
usa,surfing,lacerations to ankle & calf,n
usa,swimming,left hand bitten,n
atlantic ocean,competing in the woodvale atlantic rowing race,"no injury to occupants, shark rammed boat for 15 minutes",n
australia,spearfishing,right forearm & elbow bitten,n
australia,fishing,"no injury to occupants, hydrofoil of outboard motor bitten",n
usa,surfing,left foot bitten,n
usa,surfing,right thumb & palm lacerated,n
australia,fishing,"no injury to occupant, shark bit outboard motor",n
australia,surfing,"2 lacerations on leg, each 4"" to 5"" long",n
south africa,surfing,"cut on finger, board bitten",n
new caledonia,spearfishing,arm bitten,n
usa,surfing,left foot bitten,n
usa,surfing,lacerations to right thigh,n
new caledonia,nan,"no injury to occupants, shark lifted bow of boat 3 times",n
south africa,fishing for sharks,lacerations to hands & right leg when he tried to pull shark from the water provoked incident,n
usa,surfing,puncture wounds to right foot,n
usa,surfing,"no injury, board bitten",n
usa,surfing,"no injury, board bumped",n
usa,wading,puncture wounds to foot,n
st maartin,standing,lower right leg lacerated,n
south africa,standing  surfing,right foot bitten,n
usa,surfing,no injury,n
usa,surfing,leg bitten,n
usa,wading,minor cuts to dorsum & sole of left foot when he stepped on shark provoked incident,n
usa,surfing,"no injury, surfboard bitten",n
grand cayman,scuba diving,no injury,n
usa,treading water surfing,five 1-inch lacerations to left foot,n
bahamas,diving,lacerations to right side of face,n
south africa,surf-skiing,"no injury, shark bit ski",n
australia,surfing,"no injury, knocked off board",n
australia,surfing,lacerations to legs,n
australia,surfing,no injury,n
usa,surfing,lacerations to dorsum of left foot,nan
usa,body surfing,"injuries to fingers, calf  & heel",n
usa,surfing,fatal,y
australia,standing,left foot & ankle lacerated,n
usa,wading,calf severely lacerated,n
australia,surfing,lacerations to right arm & thigh,n
usa,standing  surfing,right foot bitten,n
thailand,removing shark from net,fatal provoked incident,y
australia,scuba diving,fatal,y
usa,surfing,lower right leg lacerated,n
usa,"boogie boarding, kicked at object in the water","laceration to knee, possibly by a  small blacktip shark",nan
usa,swimming,bitten underneath left arm,n
usa,walking,left foot bitten,n
south africa,nan,human foot recovered from the water,nan
usa,surfing,laceration on right wrist & crescent of puncture wounds on  forearm,n
usa,swimming,puncture wounds on left foot,n
seychelles,fishing,"fatal, shark involvement prior to death is unconfirmed",nan
usa,wading,laceration on the back of left hand & toothmarks on wrist,n
usa,surfing,"right foot: toes and back of foot, minor injury",n
usa,surfing,"straight 25"" laceration on top of left ankle",nan
liberia,swimming,presumed to have drowned until his body washed ashore 2 weeks later with shark bites,nan
china,scuba diving in aquarium tank,2 small cuts on right ear & head when he collided with the captive shark provoked incident,n
australia,nan,"a hoax - no shark was involved and wells' ""daughter"" was his business partner eileen purchase who injured her finger on his boat",nan
usa,swimming,lacerations of left forearm,n
usa,holding onto an inflatable boat,left foot bitten,n
usa,standing,ankle bitten,n
usa,fishing,"leg severely bitten, surgically amputated",n
usa,swimming with boogie board,"fatal, leg bitten",y
vanuatu,swimming,fatal,y
mexico,surfing,left foot bitten,n
usa,swimming,"no injury, 21m [7'] tiger shark approached swimmer who repelled it with his fist",nan
usa,swimming,foot bitten,n
south korea,diving,knee bitten,n
usa,boogie boarding,foot lacerated,n
usa,surfing,dorsum of footankle  injured by surfboard skeg or other inanimate object,nan
south africa,spearfishing free diving,fatal,y
usa,wading,two 2-inch lacerations on right foot,n
usa,swimming,left foot bitten,n
usa,crouching in 2' of water,right arm & torso bitten,n
south africa,surfing,left buttock  & legs lacerated,n
australia,spearfishing,severe injury to lower leg,n
usa,kayaking,"no injury, shark bit kayak",n
madagascar,fishing,thigh bitten,n
usa,sea disaster,no injury,n
usa,surfing,"no injury, board damaged",n
australia,fishing,laceration on left thigh provoked incident,n
australia,nan,shark-bitten surfboard found adrift,n
australia,spearfishing,minor cuts above his right eye,n
australia,surfing,"no injury, board bitten",n
usa,wading,right lower leg bitten,n
usa,surfing,foot injured,nan
usa,surfing,left foot bitten,n
usa,nan,left calf injured,n
honduras,scuba diving,"laceration on siide of calf, small laceration on thigh, large bruise on other leg inside the knee, knuckle of hand abraded",nan
south africa,surfing,"lacerations to right calf, puncture wounds on right foot",n
australia,surfing,"no injury, shark rammed surfboard",n
venezuela,surfing,right leg bitten,n
australia,snorkeling,fatal,y
usa,diving in aquarium display tank,2 punctures on forearm as captive shark collided with diver provoked incident,n
south africa,nan,bites by 25 m tiger shark were post mortem,nan
new zealand,fishing,"no injury, netted shark dragged them 350 metres out to sea provoked incident",n
solomon islands,diving,thighs bitten,n
australia,swimming,finger bitten,n
usa,spearfishing,speared shark bit his chest provoked incident,n
usa,surfing,"no injury, knocked off board, shark bit board",n
usa,spearfishing,hand bitten,n
brazil,surfing,right thigh & ankle injured,n
cuba,swimming,left foot severed,n
australia,spearfishing,no injury towed by speared shark provoked incident,n
australia,attempting to drive shark away from sailing regatta,"no injury to occupants, one of the boat's flotation tanks holed provoked incident",n
new zealand,fishing from a kayak,"no injury, kayak bumped repeatedly",n
sri lanka,"swept out to sea by the tsunami, she clung  to a log for 24 hours",no injury,nan
australia,scurfing surfboard being  towed behind a boat,fatal,y
australia,spearfishing,"fatal, leg bitten",y
south africa,surfing,3 lacerations on foot,n
south africa,playing,lacerations on lower leg & foot,n
south africa,swimming,fatal,y
usa,surfing,"lacerations to hand, knee & thigh",n
vanuatu,snorkeling,thigh bitten,n
new caledonia,diving,forearm bitten,n
cuba,diving,left forearm bitten,n
new zealand,nan,no injury,nan
south africa,chumming for white sharks,right ankle & foot lacerated,n
australia,surfing,right foot lacerated,n
usa,surfing,lower leg bitten,n
usa,spearfishing,left shoulder bitten,n
south africa,surfing,puncture wounds on right foot,n
reunion,body boarding,"leg severely bitten, surgically amputated",n
usa,surfing,"no injury, knocked off surfboard",n
usa,surfing,"no injury, shark struck board & spun it around",n
australia,spearfishing filming,"no injury to occupants, boat damaged",n
usa,surfing,leg bitten,n
usa,surf fishing,minor scratch on calf,nan
brazil,swimming,fatal,y
usa,jumping,left knee & leg bitten,n
usa,walking,heel bitten,n
brazil,bathing,calf bitten & both hands injured,n
usa,surfing,foot bitten,n
usa,diving,fatal,y
usa,swimming,"back, buttocks, left hand & left side of face bitten",n
australia,spearfishing,minor puncture wounds to leg,n
south africa,fishing,no injury to occupants; boat damaged,n
usa,surfing,right foot bitten,n
russia,diving & fishing with net,thigh & calf bitten,n
usa,surfing,right calf bitten,n
usa,swimming,right forearm & wrist lacerated,n
usa,swimming,right foot bitten,n
usa,wading  fishing & carrying a bag of fish,right forearm nearly severed and bites above & below the right knee,n
australia,fishing,"no injury to occupants; shark mouthed motor, severed anchor line",n
japan,fishing for squid aboard the trawler shikishima-maru when the shark leapt into the boat,suffered broken ribs when the shark's tail fin slammed into his chest,n
australia,surfing,"fatal, abdomen, pelvis & leg bitten",y
egypt,snorkeling,hand severed,n
usa,wading,right foot lacerated,n
usa,surfing,"no injury, shark struck his board",n
australia,crayfishing,"no injury, shark made threat displays & diver fended it off with his speargun",nan
usa,in water with diving seabirds,foot bitten,n
australia,body boarding,ankle & foot lacerated,n
usa,swimming,right wrist  & left arm lacerated,n
south africa,"swimming, poaching perlemoen","fatal, leg severed",y
usa,wading,puncture wounds on shin,n
brazil,swimming,"left hand, foot severed &  left calf & arm bitten",n
usa,surfing,no injury,n
usa,boogie-boarding  swimming,calf & foot lacerated,n
usa,swimming,single puncture wound on the foot,nan
usa,nan,foot bitten,n
brazil,wading,hips & thighs bitten,n
bahamas,free diving & spearfishing,left forearm bitten provoked incident,n
usa,tandem surfing,"no injury, board bitten",n
brazil,swimming,fatal,y
australia,diving,puncture wounds on wrist,n
new zealand,fishing,"no injury to occupants, boat scratched by shark",n
tonga,five men on makeshift raft after their 10 m fishing boat  capsized and sank in rough seas survivors rescued after  75 hours in the water,"bitten on feet, legs, back & abdomen but survived  survivors rescued after  75 hours in the water",y
tonga,five men on makeshift raft after their 10 m fishing boat  capsized and sank in rough seas survivors rescued after  75 hours in the water,"he was was bitten on the arm by small sharks & died, but it was not clear if he died as result of the bite or death resulted from drowing",y
usa,surfing,fatal severe wound to right thigh & calf,y
south africa,surfing,"left leg lacerated, right leg severed above the knee",n
usa,surfing,"disappeared, surfboard washed ashore, marks on leash suggested shark involvement",nan
usa,nan,right foot bitten,n
usa,surfing,15 puncture wounds on foot,n
brazil,body boarding,"lower left leg bitten, surgically amputated",n
usa,surfing,heel bitten,n
reunion,surfing,right thigh bitten,n
usa,swimming,minor lacerations & abrasions on forearm,n
usa,snorkeling,lacerations to left foot,n
new zealand,spearfishing,no injury,n
usa,surfing,"no injury, board bitten",n
australia,spearfishing,shin & calf bitten,n
brazil,swimming,"fatal, right thigh & hip bitten",y
new zealand,surfing,thigh lacerated,n
australia,swimming,three toes lacerated,n
australia,free diving & spearfishing,"disappeared while diving, may have suffered shallow water blackout searchers observed large tiger sharks & whaler sharks in the area",nan
egypt,snorkeling,fatal,y
australia,snorkeling,leg bitten,n
australia,scuba diving,left leg bitten,n
uruguay,surfing,puncture wounds to dorsum of right foot,n
new zealand,boogie boarding,"no injury, swim fin damaged",nan
venezuela,swimming,lower back & hand bitten,n
venezuela,spearfishing,right leg bitten,n
south africa,surf skiing,"no injury to occupants, stern of ski bitten",n
australia,diving,"no injury, swim fin ripped off",n
south africa,surfing,foot lacerated,n
new zealand,kayaking returning from spearfishing,"no injury, no attack, shark took fish from back of kayak",nan
egypt,air disaster flash airlines boeing 737 crashed into the red sea,"no survivors, sharks scavenged on remains",y
australia,surfing,no inury,n
south africa,nan,no injury to occupants,n
usa,swimming,knee lacerated,nan
usa,swimming,foot bitten,n
new zealand,swimming  shipwreck,fatal,y
australia,surfing amid a shoal of sharks,"no inury, shark caught leash attached to surfer's ankle & towed him a short distance",n
australia,swimming,"after biting halverson, it bit scott's thigh",n
australia,swimming,hand & foot bitten,n
south africa,spearfishing,"presumed fatal, severed hand recovered",y
usa,surfing,severe abrasion to left lateral calf,n
india,swimming or surfing,left index finger lacerated,n
usa,surfing,lacerations to hand,n
egypt,snorkeling,handelbow injured,n
south africa,surf skiing,"no injury to occupants, hull of ski bitten",n
australia,standing,minor lacerations to leg & foot,n
panama,spearfishing,left forearm bitten provoked incident,n
usa,surfing,left foot sole bitten,n
australia,surfing,left ankle & foot lacerated,n
usa,surfing,left arm severed below shoulder,n
usa,surfing,laceration on right ankle & heel,n
usa,snorkeling,left forearm lacerated,nan
usa,surfing,foot bitten,n
usa,swimming to shore from boat or kayak,"fatal, drowning or scavenging  two hours later his body, with bite marks,  washed ashore",y
usa,surfing,minor puncture wounds in hand,n
usa,surfing,5 to 6 lacerations on right foot & ankle,n
usa,surfing,left ankle bitten when he stepped on the shark provoked incident,n
usa,sitting on surfboard,left foot bitten,n
usa,wading near a fishing net,"left thigh abraded, right knee and right index finger injured",n
fiji,wading to shore from his boat,fatal abdomen bitten,y
usa,surfing,arm lacerated,n
usa,surfing,left foot bitten,n
usa,surfing,left heel lacerated,n
usa,surfing,3 puncture wounds on left foot,n
usa,surfing,left foot: lacerations on heel and sole,n
south africa,fishing,"no injury to occupants, shark bit boat",n
usa,swimming,puncture wounds on inner thigh,nan
usa,body boarding,left calf avulsion,n
usa,"standing, stepped on shark",ankle lacerated,n
south africa,body boarding,"fatal, left thigh, buttocks, back of spine, abdomen & chest bitten",y
usa,wade-fishing,2 lacerations on each side of achilles tendon,n
usa,fishing,provoked incident hooked shark pulled onboard bit his arm,n
usa,"swimming, wearing black wetsuit & swim fins","fatal          hip & upper thigh bitten, femoral artery severed",y
usa,swimming,left ankle lacerated,nan
south africa,sitting on surfboard,"no injury, wetsuit torn & board bitten",n
australia,surf skiing,"no injury, flung into water when shark bit rudder of ski",n
usa,surfing,laceration to little finger of  right hand,n
usa,wading,heel & sole of left foot,n
bahamas,spearfishing,right thigh bitten,n
usa,"walking, carrying surfboard & stepped on shark",3 puncture wounds on right lateral ankle provoked incident,n
usa,surfing,left foot bitten,n
bahamas,spearfishing,left calf bitten,n
usa,spearfishing,laceration to toe,n
french polynesia,spearfishing,leg bitten,n
new zealand,snorkeling,chest & buttocks  bitten,n
usa,surfing,right foot & toes lacerated,n
usa,surfing,ankle lacerated,n
brazil,nan,fatal,y
usa,standing,2 lacerations to the thigh,n
usa,swimming with pod of dolphins,right foot bitten,n
usa,swimming,left leg bitten,n
usa,surfing,hand bitten,n
usa,surfing,6 puncture wounds to left ankle,n
usa,swimming,foot lacerated,nan
usa,surfing,left foot lacerated,n
usa,wading,left foot bitten,n
usa,swimming,right calf & heel bitten,n
usa,surfing,multiple bites to foot after jumping off surfboard onto shark provoked incident,n
usa,walking,laceration to right lower leg,n
philippines,nan,arm severed,n
brazil,killing  sharks,shallow  lacerations to left  thigh provoked incident,n
brazil,swimming,bitten on finger,n
brazil,surfing,"hand & foot lacerated,  lower left leg severely bitten, necessitating surgical amputation",n
brazil,swimming,right hand lacerated,n
usa,surfing,right leg bitten,n
usa,surfing,survived,n
usa,surfing,left foot bitten,n
usa,surfing,small lacerations to foot,n
usa,surfing,left ankle bitten or right foot,n
usa,jumping,left foot bitten,n
usa,surfing,2 lacerations on left thigh,n
usa,swimming using a float,left calf lacerated,n
venezuela,surfing,"right foot bitten, left leg severed",n
usa,surfing,arm lacerated,n
usa,surfing,left hand and wrist bitten,n
usa,petting captive sharks,hand nipped provoked incident,n
new zealand,scuba diving,arm lacerated shark made 3 strikes,n
australia,wading,ankle lacerated,n
usa,swimming,left hand bitten,n
australia,swimming,"puncture wounds on heel, legs and buttocks",n
australia,swimming,fatal,y
south africa,unknown,probable scavenging the boy disappeared while at the beach on january 1st his decomposed shark-bitten body washed ashore january 17th,nan
costa rica,surfing,lower right leg lacerated,n
australia,surfing,"no injury, but her surfboard was bitten",n
australia,snorkeling,left arm lacerated,n
south africa,snorkeling,forearms lacerated,n
australia,scuba diving,groin bitten,n
australia,swimming,foot lacerated,nan
australia,swimming,fatal,y
brazil,surfing,fatal,y
micronesia,scuba diving,minor injury to right calf,n
usa,body boarding,both legs severely lacerated,n
usa,swimming,right shoulder forarm & wrist bitten,n
turks & caicos,snorkeling,"right upper am, shoulder & back severely  bitten",n
usa,surfing,15-inch laceration,n
usa,boogie boarding,puncture wounds on right foot,n
french polynesia,"fishing, standing in 2' of water",shin bruised,n
usa,swimming,left foot bitten,n
brazil,swimming,"fatal, body not recovered",y
usa,surfing,left foot bitten,n
usa,surfing,abrasions on right hand & deep laceration on middle finger,n
usa,surfing,heel & back of right knee lacerated,n
usa,surfing,left hand lacerated and abraded,n
usa,surfing,right hand severely lacerated,n
usa,surfing,left hand bitten,n
usa,fishing from surfboard,"no injury, surfboard bitten",n
usa,fishing,left thumb lacerated provoked incident,n
tonga,swimming,thigh lacerated  provoked incident,n
usa,boogie boarding or surfing,ankle lacerated,n
usa,surfing,no injury,n
brazil,swimming,"left thigh bitten, leg surgically amputated",n
usa,body boarding,"no injury, shark fin seen just before board ripped away & dragged out to sea",n
south africa,surf skiing,no injury,n
usa,boogie boarding,bitten above & below right knee,n
usa,"wading, when he stepped on the shark",2 small puncture wounds on left foot provoked incident,n
usa,surfing,left foot lacerated,n
usa,swimming,both arms & leg bitten,n
usa,surfing,big toe bitten,n
usa,surfing,lacerations on heel & dorsum of right foot,n
usa,standing,ankle & leg lacerated,n
united kingdom,diving,hand bitten by captive shark provoked incident,n
usa,standing,leg lacerated,n
usa,surfing,heel bitten,n
usa,swimming,calf bitten,n
usa,surfing,2 small lacerations on left lower leg when he jumped off board and landed on the shark provoked incident,n
usa,shark fishing,drowned when caught in line and pulled overboard by hooked shark provoked incident,y
brazil,surfing,right hand severed,n
usa,standing,"calf, foot & hand bitten",n
australia,surfing,minor injury to foot,n
usa,swimming,small lacerations on right lower leg,n
indonesia,nan,human remains right forearm & leg recovered from 37m [12'] tiger shark’s gut forensic examination suggested the remains had been consumed by the shark one to two weeks earlier,nan
papua new guinea,nan,"arm severely lacerated, surgically amputated",n
papua new guinea,attempting to retreive a dinghy,fatal,y
usa,sitting on surfboard,"no injury, shark bit side of surfboard",n
usa,surfing,right hand lacerated,n
usa,surfing,6-inch gash on right foot,n
usa,swimming,right calf lacerated,n
south africa,snorkeling filming the sardine run,upper arm bitten,n
usa,surfing,lacerated leg & back,n
usa,floating on a raft,lacerated foot,n
usa,"fishing, removing the shark from his line",leg bitten by hooked shark provoked incident,n
usa,playing in the surf with his 2 dogs,"2-inch wound on dorsum of right foot, 1-inch wound on sole",n
costa rica,surfing,toothmarks in board & his swim trunks,n
papua new guinea,collecting beche-de-mer,wrist lacerated,n
usa,fishing,laceration to arm,n
brazil,surfing,leg injured,n
australia,fishing from prawn trawler,netted shark injured his am & 6 fingers provoked incident,n
australia,scallop diving using surface-supplied air & a pod,"fatal, torso & leg bitten",y
australia,fishing drowned 2-apr-2002,"drowned, his remains were found in a 3m [10'], 368 kg [811-lb] tiger shark",nan
usa,"surfing, but standing in water alongside board",left foot bitten,n
usa,surfing,left foot bitten,n
australia,swimming,foot bitten,n
bahamas,standing,calf bitten,n
usa,wading,two half-inch lacerations on right heel and one near small toe,n
usa,swimming  wading,upper left arm bitten,n
usa,body-boarding,left leg severed below knee,n
usa,wading,foot bitten,n
brazil,swimming,"severe kacerations, fatal",y
usa,swimming   boogie boarding,punctures on left foot and foot,n
usa,snorkeling,arm bitten,n
usa,surfing,several  puncture wounds on lower right leg,n
new caledonia,spearfishing,"presumed fatal, body not recovered",nan
turks & caicos,capsized fishing boat,fatal,y
australia,surfing,heel  foot bitten,n
fiji,nan,"fatal, lower thigh & knee severely lacerated",y
australia,kayaking,stern of kayak bittenchest bruised,n
australia,surfing,bruises & minor cuts,n
australia,swimming,15 cm wound on inner thigh,n
south africa,fishing,leg bitten & surgically amputated,n
brazil,swimming,fatal,y
south africa,surf skiing,foot & calf bitten,n
usa,snorkeling,lacerations to buttocks & thigh,n
australia,surfing,"no injury, 2 m to 25 m [675'  to 825'] shark made a threat display",n
australia,surfing,"no injury, shark hit board",n
usa,surfing,"no injury, portion of board's lower surface removed",n
australia,surf-skiing,"no injury, fell off ski after possibly colliding with  a shark",nan
south africa,kite-boarding,no injury,n
australia,snorkeling,lacerations to right forearm & shoulder injured,n
mexico,body surfing,hand injured,n
australia,nan,no injury from shark,n
usa,"surfing, fell off surfboard & stepped on the shark",provoked incident several small lacerations on left foot,n
usa,surfing,"1"" to 2"" cuts on right ankle & foot",n
usa,wreck  technical diving,fatal or drowning & scavenging,y
usa,boogie boarding,"2 lacerations on lower back, punctures on buttock",n
usa,surfing,foot bitten,n
united kingdom,diving,head bitten by captive shark provoked incident,n
usa,fishing,fingers & leg lacerated  by hooked shark provoked incident,n
usa,walking in shallows,minor injury to left leg,n
usa,swimming,left hand injured,n
usa,swimming,fatal,y
usa,swimming,left buttock & foot  severed,n
usa,wading,right calf lacerated,n
usa,swimming,"fatal, thigh bitten",y
bahamas,spearfishing,torso lacerated,n
usa,standing,punctures & lacerations on elbow & forearm,n
usa,wading,heel lacerated,n
usa,boogie boarding,thigh & foot bitten,n
usa,boogie boarding,upper left thigh & right foot bitten,n
usa,surfing,foot lacerated,n
usa,surfing,thigh lacerated,n
usa,surfing,cuts on right foot,n
usa,surfing,lacerations to lower leg,n
usa,surfing,left foot lacerated,n
usa,surfing,cuts on right foot,n
usa,surfing,back of left hand gashed,n
usa,surfing,left ankle bitten,n
bahamas,spearfishing,calf bitten,n
thailand,fell off banana boat,legs bitten,n
usa,nan,toe bitten,n
bahamas,swimming,"leg bitten, later surgically amputated above the knee",n
italy,fishing,no injury to occupants,n
usa,nan,survived,n
usa,nan,minor injury,n
usa,nan,2 bites behind knee,n
usa,fishing,no injury to occupants; shark bumped the boat,n
usa,surfing,left foot & heel lacerated,n
usa,boogie boarding,foot lacerated,n
mexico,surfing,foot bitten,n
usa,swimming,"arm severed, surgically reattached",n
usa,nan,hand bitten,n
usa,floating face-down in knee-deep water,2-inch cut on dorsum of left foot,n
usa,swimming,leg lacerated,n
usa,spearfishing,"no injury shark made threat display, then diver shot the shark provoked incident",n
australia,hiking on the beach,remains recovered from gut of a  37 m [12'] tiger shark,nan
usa,wading,3 puncture wounds on each side of her left  hand,n
usa,nan,survived,n
usa,swimming,shin lacerated,n
usa,swimming,55-inch laceration on calf,n
philippines,shark fishing,arm bitten provoked incident,n
madagascar,nan,fatal or drowned & remains scavenged by shark,nan
south africa,surfing,leg bitten,n
australia,surfing,"chest lacerated, surfboard bitten",n
usa,surfing,foot lacerated,n
fiji,"spearfishing, carrying his catch",fatal,y
usa,boogie boarding,4 small lacerations on lower right leg,n
usa,surfing,foot & ankle lacerated,n
usa,surfing,right foot & ankle lacerated,n
usa,nan,right ankle & lower leg lacerated,n
usa,surfing,foot & ankle lacerated,n
usa,surfing,small cuts on big & pinky toes of left foot,n
usa,body boarding,foot & ankle lacerated,n
usa,surfing,foot lacerated,n
usa,surfing,minor cuts on right heel & foot,n
usa,surfing,lacerations to top & bottom of left foot,n
usa,surfing,minor punctures & lacerations on left hand,n
usa,surfing,foot lacerated,n
south africa,surfing,"thigh, hip & buttock bitten",n
australia,snorkeling,wrist lacerated provoked incident,n
usa,standing alongside surfboard,minor lacerations to dorsum of left foot,n
brazil,batin,left thigh bitten,n
australia,surfing,calf bitten,n
usa,body-boarding,"minor cuts on left hand, body board bitten",n
usa,surfing,fingers & hand lacerated,n
brazil,attempting to catch a crocodile,lacerations below the knee,nan
brazil,swimming,fatal,y
caribbean sea,sinking of the 40' esperanza off st maartin with 36 refugees on board,"human remains recovered in shark caught off anguilla, probable scavenging on drowned body",y
australia,fishing for whiting,no injury to occupants,n
malaysia,unknown,bones recovered by fishermen in 300-kg [662-lb] white shark’s gut,nan
australia,surfing,leg bitten,n
australia,kayaking,"no injury, shark rammed & bit kayak",n
cuba,swimming,left arm bitten,n
australia,fishing,no injury to occupants,n
usa,surfing,"foot bruised, board dinged",n
new zealand,kayaking,"no injury, kayak bitten",n
australia,scuba diving,hand bitten,n
fiji,swimming back from anchored sailboat,"fatal, leg severed",y
australia,fishing for whiting,no injury to occupants,n
canada,diving for sea urchins,no injury,n
australia,spearfishing,left elbow and forearm bitten,n
new zealand,surfing,fatal,y
australia,diving shell maintenance,"no injury, wetsuit & swimfin torn",n
australia,shipwrecked,"missing, thought to have been taken by a shark",nan
usa,swimming,right calf lacerated,n
usa,walking,no injury,nan
australia,swimming,leg & feet lacerated,n
australia,swimming,"fatal, torso bitten, leg severed",y
usa,surfing,both thighs bitten,n
australia,fishing,"no injury to occupant, shark holed and sank boat",n
usa,surfing,leg lacerated,n
usa,swimming  snorkeling,right side of back  torso lacerated,n
usa,swimming,right hand lacerated,n
usa,surfing,foot lacerated,n
usa,surfing,fingers lacerated,n
usa,body surfing,right foot & heel lacerated,n
usa,surfing,upper left arm lacerated,n
usa,sitting on surfboard,no injury,n
australia,surfing,fatal,y
australia,surfing,fatal,y
australia,fell onto dead shark,foot lacerated from toe to heel when he tripped on shark during fishing competition provoked incident,n
okinawa,surfing,fatal,y
usa,nan,non-fatal,n
usa,standing  surfing,right lower leg & ankle lacerated,n
usa,surfing,puncture wounds on knee,n
usa,swimming  body surfing,finger lacerated,n
usa,swimming,minor injury to arm and hand,n
south africa,free diving,swim fin bitten,n
tanzania,swimming,fatal,y
usa,wading,left foot lacerated,n
reunion,surfing,left arm bitten,n
tanzania,swimming,fatal,y
usa,swimming,punctures & lacerations on right foot,n
usa,jumped into the water,fatal,y
usa,conducting research,leg bitten by netted shark provoked incident,n
usa,swimming out to porpoises,"severe gash to left hand above wrist, almost severing hand",n
usa,"windsurfing, but sitting on his board",left calf lacerated,n
usa,surfing  wading,minor lacerations to the dorsum of the right foot,n
usa,standing,severely bitten on lower leg,n
usa,swimming,non-fatal,nan
usa,attempting to illegally enter the usa,shark involvement probably post-mortem,nan
tanzania,swimming,fatal,y
usa,nan,minor laceration on left leg,n
usa,snorkeling,leg pinched,n
usa,surfing,foot lacerated,n
usa,surfing,minor lacerations on foot,n
south africa,surfing,hand lacerated,n
south africa,surfing,"no injury, flung off board",n
south africa,surfing,no injury,n
tonga,scuba diving,left arm bitten,n
usa,wading,minor laceration & 3 punctures to right foot,n
usa,swimming,knee & calf lacerated,n
usa,jumping,ankle & foot lacerated,n
usa,playing,calf lacerated,n
usa,wading,left inner thigh,n
usa,"spearfishing, holding mesh bag with speared fish",lower right calf lacerated,n
usa,wading,left calf & hand lacerated,n
usa,standing,left thigh lacerated,n
tanzania,swimming,fatal,y
papua new guinea,nan,fatal,y
new zealand,fishing,"no injury, shark bit the dinghy",n
usa,standing,right ankle lacerated,n
usa,sailing,"no injury to occupants, boat's rear platform bitten",n
usa,surfing,foot lacerated,n
usa,swimming,puncture wounds on right hip and arm,n
usa,swimming,right forearm severed surgically amputated above elbow,n
usa,snorkeling,right forearm lacerated,n
tanzania,swimming,"fatal, legs severed",y
new caledonia,"air disaster - piper aircraft crashed into the sea, killing all on board",sharks prevented recovery of remains,y
australia,nan,probable drowning,nan
papua new guinea,standing,left leg & ankle bitten,n
papua new guinea,diving,fatal,y
usa,walking,left foot lacerated,n
usa,boogie boarding  wading,puncture marks on right thigh,n
usa,fishing,"no injury, bumped by shark",n
australia,swimming,left calf bitten,n
usa,boogie boarding,right knee lacerated,n
usa,surfing,left hand bitten,n
new caledonia,spearfishing,fatal,y
australia,surfing,no injury,n
australia,rowing,no injury to occupants,n
australia,rowing,no injury to occupants; oar bitten,n
new zealand,kayaking,reported as shark attack but probable drowning,nan
australia,swimming,survived,n
usa,spearfishing,"no injury to diver, speargun damaged",n
usa,nan,right calf bitten,n
south africa,body surfing,foot bitten,n
england,feeding prawns to captive sharks,fingers bitten provoked incident,n
new zealand,surfing,"no injury, wetsuit punctured",n
australia,surfing,hand bitten,n
reunion,canoe with 3 men onboard sank,fatal,y
thailand,diving,fatal,y
usa,fishing for tarpon,no injury to occupant; shark bit propeller,n
new zealand,surfing,six puncture wounds on  leg,n
new zealand,swimming,arm bitten,n
new zealand,bathing,a cut on her hand,n
brazil,surfing,"leg bitten, surgically amputated",n
usa,scuba diving,"presumed taken by a shark,  but forensic evidence suggested otherwise",nan
brazil,spearfishing,"lateral right thigh bitten thought to involve a 12 to 15 m tubarão da gralha preta -  a blacktip shark, c limbatus",n
usa,surfing,right arm & fingers lacerated,n
usa,surfing,lacerations to hand & wrist,n
usa,swimming,"buttock bitten, hands lacerated",n
usa,surfing sitting on his board,"no injury, board bitten",n
south africa,surfing,lower legs lacerated,n
brazil,"spearfishing, but swimming at surface",upper right thigh bitten,n
marshall islands,swimming,lacerations to leg,n
marshall islands,swimming,lacerations to buttocks,n
usa,body boarding,right foot lacerated,n
usa,body surfing,"shark bit 8"" chunk from swim fin",n
usa,surfing,lacerations to right hand & wrist,n
usa,"surfing, lying on surfboard",right arm bitten,n
usa,wading to shore after surfing,3 one-inch lacerations to sole of right foot,n
italy,fishing,no injury to occupants,n
usa,kayaking,"no injury, but kayak scraped & dented",n
usa,wading,thigh posterior bitten,n
usa,wading,toes lacerated,n
usa,surfing,right foot bitten,n
usa,wading,left knee nipped by captive shark provoked incident,n
usa,wading with surfboard,right foot bitten,n
usa,surfing,3-inch laceration to right foot,n
usa,surfing,foot injured,n
marshall islands,fishing,lacerations to left leg,n
usa,surfing,small lacerations to right foot,n
usa,lying prone in 2' of water,"ear lacerated, cuts on scalp, back, arm & shoulder",n
usa,body surfing,right ankle & heel  lacerated,n
bahamas,spearfishing & holding catch,right arm bitten,n
south africa,surfing,right thigh bitten,n
usa,swimming with dolphins,ankle bitten,n
usa,surfing,right thigh & buttock bitten,n
south africa,boogie boarding,fatal,y
usa,nan,five cuts on his heel,n
usa,wading in school of baitfish,lacerations knee to ankle,n
south africa,surfing,leg & board bitten,n
usa,adrift in a life jacket,9-inch gash in left foot,n
usa,surfing,right hand and wrist lacerated,n
usa,swimming,8-inch bite on calf,n
usa,splashing  wading,knee lacerated,n
australia,windsurfing,"fatal, body not recovered",y
brazil,surfing,leg & hands bitten,n
mauritius,swimming,thigh bitten,n
reunion,swimming after being swept into sea by a large wave,fatal,y
usa,surfing,ankle bitten,n
new zealand,spearfishing & diving for paua,no injury,n
brazil,scientific research dr sonny gruber's student,grabbed small shark & it bit him  provoked incident,n
usa,"swimming, towing a kayak","fatal, arm bitten",y
new caledonia,spearfishing,multiple injuries,n
new zealand,fishing,right thigh bitten provoked incident,n
usa,body surfing or body boarding,bruised right leg,n
usa,swimming near pod of whales,tissue removed knee to thigh,n
usa,cruising,"no injury to occupants, boat sank after colliding with shark",n
australia,surfing,"left hand & forearm bitten, board bitten",n
usa,surfing,left hand bitten,n
mauritius,spearfishing,legs & torso injured,n
south africa,paddle skiing,"no injury, ski bitten",n
new zealand,inflatable boat,no injury to occupant: boat lost,n
australia,fishing,"cut foot, but injury caused by fishing line, not the shark",nan
reunion,spearfishing,fatal,y
south africa,spearfishing,heel lacerated,n
usa,body surfing,abrasions,nan
usa,surfing,left foot bitten after he accidentally stepped on the shark         provoked incident,n
australia,standing,2 puncture wounds in left leg,n
south africa,surfing,leg bitten,n
south africa,splashing,right leg bitten,n
australia,surfing,leg injured,n
usa,swimming,fatal,y
usa,surfing,right foot bitten,n
usa,walking,survived,n
usa,surfing,no injury,n
japan,fishing for tuna,provoked incident    knee bitten by shark trapped in net,n
brazil,surfing,"fatal, left forearm severed",y
usa,swimming,minor lacerations on right ankle & foot,n
south africa,surfing,"no injury, surfboard bitten",n
usa,surfing,right hand bitten,n
brazil,surfing,right leg bitten,n
reunion,diving,survived,n
usa,nan,2 one-inch lacerations in left foot,n
usa,surfing,puncture wounds to leg,n
usa,surfing,left arm lacerated,n
south africa,fishing  washing bait off hands,laceration to right foot,n
usa,surfing,right foot bitten,n
senegal,spearfishing,bitten by harpooned shark provoked incident,n
usa,surfing,toes lacerated,n
italy,fishing,"no injury; no attack, shark ate the bait hanging over the side of the boat",nan
usa,boogie boarding,"thigh, buttocks & lower back lacerated",n
usa,spearfishing,lacerations to left hand,n
bahamas,spearfishing,calf bitten,n
usa,body-boarding,left calf injured,n
south africa,moving a shark in a net,lacerations to right shin  provoked incident,n
south africa,surfing or body boarding,legs bitten,n
south africa,spearfishing,leg bitten,n
brazil,surfing,lacerations to left foot,n
usa,surfing,calf bitten,n
south africa,wading,right leg bitten,n
south africa,surfing,knee bitten,n
south africa,surfing,right leg bitten,n
australia,free diving for abalone,"fatal, left thigh and lower leg severely injured",y
south africa,body boarding,"fatal, hands & calf bitten",y
usa,surfing,"2-inch laceration on dorsum of foot, 1-inch laceration on sole",n
south africa,surfing,survived,n
south africa,surfing,minor laceration on foot,n
south africa,body boarding,right shoulder & arm bitten,n
south africa,body boarding,leg bitten,n
usa,surfing,4 lacerations on the sole of his right foot,n
usa,swimming,ankle & foot bitten,n
usa,swimming  surfing,left arm & wrist lacerated,n
south africa,body boarding,"lower legs bitten, foot severed",n
mozambique,towing rubber dinghy,"fatal, torso & abdomen bitten, forearm severed",y
usa,surfing lying prone on his board,right thigh bitten,n
usa,scuba diving,"he grabbed shark's tail, shark bit his chest & held on  provoked incident",n
brazil,swimming,fatal,y
new caledonia,nan,calf bitten,n
usa,swimming,heel lacerated,n
south africa,snorkeling – hunting crayfish and abalone,lower leg lacerated,n
usa,swimming or paddle boarding,6 puncture wounds to right calf,n
usa,swimming,hands bitten,n
australia,spearfishing,"missing, thought to have been taken by a shark",nan
new caledonia,windsurfing,"no injury, board bumped & fin damaged",n
reunion,bathing,fatal,y
south africa,surfing,calf & foot lacerated,n
australia,surfing,20 punctures in right foot,n
mozambique,surfing,leg bitten,n
south africa,surfing,fatal,y
reunion,diving,fatal,y
usa,spearfishing on scuba & transferring fish onto a stringer,shark grasped diver's gloved hand glove was soaked with fish blood & slime,n
south africa,spearfishing,fatal,y
south africa,sitting on surfboard,calf bitten,n
usa,nan,"ankle bitten, but shark involvement unconfirmed",nan
usa,swimming,left leg gashed knee to ankle,n
australia,scuba diving submerged riding a scooter,left arm lacerated when shark grabbed scooter,n
usa,swimming,thigh bitten,n
australia,unknown,5 m white shark obsrved feeding on remains 6 days later,nan
australia,surf-skiing,"sierakowski suffered a minor facial injury, ski bitten in half by shark",n
usa,body boarding or surfing,"both legs bitten, right leg severed at mid-calf & defense wounds on right hand",n
usa,surfing,"5"" gash in foot",n
usa,surfing,left foot bitten,n
south africa,fishingat,"no injury, hooked shark bit their 48 m inflatable boat",n
usa,swimming,laceration & 3 puncture wounds to anterior right thigh,n
brazil,swimming,fatal,y
usa,surfing,laceration to right foot,n
usa,surfing,2 small lacerations to bottom of foot,n
usa,surfing,lacerations to lower left leg,n
usa,surfing,lacerations on right ankle & heel,n
usa,walking  surfing,"2"" laceration on left heel",n
usa,surfing sitting on his board,leg & hand bitten,n
mexico,scuba diving,fatal,nan
mexico,scuba diving,"fatal, arm & leg severed",y
usa,floating on raft,small lacerations on right lower leg,n
egypt,fishing,seriously injured,n
egypt,fishing,fatal,y
usa,boogie boarding,lacerations to foot,n
usa,surfing,lacerations to right foot,n
usa,wading,wrist & am bitten,n
usa,wade-fishing,left forearm & wrist bitten,n
usa,body surfing,top of left foot bitten,n
usa,wading  surfing,top of left foot bitten,n
australia,surfing,leg lacerated,n
south africa,surfing,fatal,y
brazil,surfing,survived,n
usa,standing,left calf bitten,n
okinawa,fishing for octopus,"fatal, legs severed",y
brazil,surfing,right thigh bitten,n
usa,spearfishing  night diving,leg bitten just above ankle,n
fiji,snorkeling,"bitten on inner thigh, leg surgically amputated",n
usa,surfing,laceration to left upper arm,n
brazil,bathing,nan,unknown
usa,"body surfing, stood up on sandbar",4 lacerations above left ankle,n
usa,spearfishing,right thigh punctured,n
usa,surfing,left elbow bitten,n
usa,surfing,left ankle bitten,n
bahamas,spearfishing,right arm bitten,n
bahamas,spearfishing,leg bitten,n
brazil,windsurfing,lower left leg & ankle bitten,n
australia,swimming,left leg biten,n
australia,scuba diving,left arm bitten,n
usa,nan,no details,unknown
reunion,nan,hand injured,n
australia,rowing,"bruised, when shark struck scull & catapulted her into the water",n
australia,snorkeling,"left leg lacerated, punctures to right leg",n
australia,windsurfing,"presumed fatal, no body recovered, shark mutilated wetsuit & harness recovered",y
reunion,spearfishing,fatal,y
australia,watching seals,"no injury to occupants, shark bit 2 of the dinghy's 3 floation chambers",n
australia,surfing,nan,unknown
south africa,surfing,elbow bitten,n
new caledonia,spearfishing,"presumed fatal, only his shark-bitten speargun recovered",y
new caledonia,attempting to attract dolphins,hand bitten,n
usa,surfing,single laceration on ankle & board bitten,n
usa,surfing,right foot bitten,n
brazil,surfing,leg bitten,n
brazil,surfing,survived,n
okinawa,swimming or snorkeling,fatal,y
usa,surfing,lower leg bitten,n
usa,surfing,"4"" laceration on left forearm",n
usa,surfing,"no injury, shark struck his board",n
brazil,nan,survived,n
usa,swimming,4 or 5 lacerations on left ankle,n
new zealand,diving for abalone,"back, arms & wrist severely lacerated",n
usa,surfing  swimming,small puncture wounds and lacerations on right leg just below knee,n
usa,standing,right foot bitten,n
usa,sitting on surfboard,small lacerations on left foot,n
usa,boogie boarding,minor injuries to foot,nan
south africa,spearfishing,no injury  provoked incident,n
usa,body boarding,right calf bitten,n
usa,free diving for abalone,"left shoulder, forearm, hand & abdomen lacerated",n
usa,wade fishing,"no injury, towed by shark that grabbed stringer of fish tied to his waist",n
usa,standing,survived,n
okinawa,swimming,"fatal, torso & abdomen bitten,  forearm severedl",y
egypt ,free diving with a pod of dolphins,"bitten on back, shoulder & chest",n
usa,swimming,lacerations to left leg & right foot,n
usa,swimming,laceration to right arm,n
usa,nan,no details,unknown
usa,nan,right foot bitten,n
usa,standing,laceration on left foot,n
bahamas,diving,left leg lacerated,n
usa,body surfing,"lacerations to left shin, heel & foot",n
australia,surfing,"no injury, board bitten",n
south africa,surfing,survived,n
south africa,surfing,leg bitten,n
australia,tech diving,"fatal, but shark involvement prior to death was not confirmed",y
usa,surfing,right foot & ankle bitten,n
south korea,shell diving,fatal,y
usa,surfing,left foot & leg bitten,n
usa,nan,no details,unknown
australia,swimming,puncture wounds on upper left thigh,n
australia,swimming,puncture wounds on leg,n
brazil,swimming,fatal,y
australia,swimming breast stoke,left arm & leg lacerated,n
australia,fishing in knee-deep water,left calf bitten,n
australia,dived naked into the water on a bet,left leg & right testicle bitten,n
usa,swimming in fish tank,5 punctures to hand from captive shark provoked incident,n
papua new guinea,nan,fatal,y
papua new guinea,nan,thigh,n
papua new guinea,diving,leg severed fatal,y
dominican republic,boeing 757 enroute from porta plata plunged into the sea,"106 bodies were recovered, some had been bitten by sharks",y
australia,swimming,ankles injured,n
usa,wading,shark bit his leg after he grabbed its tail & wouldn't let go provoked incident,n
australia,swimming,lacerations to left calf,n
usa,swimming with mask & snorkel,lacerations to left foot & right shin,n
australia,nan,no details,unknown
australia,chumming for sharks,"no injury to occupants; shark rammed, bit & sank boat",n
reunion,surfing,fatal,y
fiji,nan,fatal,y
usa,surfing,survived,n
usa,nan,no details,unknown
new zealand,"diving, gathering shellfish",leg & chest lacerated,n
usa,nan,minor injury,nan
northern arabian sea,fell off aircraft carrier,"minor injuries, bites on fingers & toes rescued by pakistani fishermen",n
australia,nan,survived,n
usa,boogie boarding,lacerations to right foot,n
usa,surfing,foot bitten,n
australia,playing  standing,laceration to thigh,n
usa,surfing,right arm injured,n
usa,surfing,4 punctures in left foot,n
usa,surfing,leg & ankle bitten,n
usa,windsurfing,"right foot bruised, board bitten",n
usa,surfing,left arm & hand lacerated,n
usa,swimming,left elbow and bicep bitten,n
reunion,body-boarding,fatal,y
usa,scuba diving,"presumed fatal, body not recovered",y
australia,abalone diving using hookah near calving whales,"fatal, head, shoulder and arm severed, remains recovered at munglinup beach on 9131995",y
usa,abalone diving using hookah resting on the surface,lower leg bitten,n
usa,swimming,laceration to lower leg,nan
usa,surfing,left hand & forearm bitten,n
usa,on a float,puncture wounds on ankle & leg,n
brazil,surfing,survived,n
usa,surfing,left elbow bitten,n
usa,surfing,4 puncture wounds on right pinky finger,n
usa,swimming,left arm bitten,n
usa,swimming,right foot bitten,n
usa,surfing,bottom of left foot gashed,n
usa,diving,no injury,n
tonga,fishing,upper left thigh avulsed,n
usa,wading,thigh lacerated,n
usa,swimming,death resulted fom drowning; tiger shark bites were post-mortem,nan
usa,surfing,laceration to left heel,n
usa,"""riding waves on a board""",left foot bitten,n
usa,body boarding,multiple bites on right leg and knee,n
tonga,fishing,finger broken when 18 m [6'] hooked grey reef shark  grabbed his catch,nan
usa,diving,torso bitten by 4 m [13'] white shark,nan
usa,surfing,left foot bitten,n
usa,surfing,minor laceration on lower leg,n
usa,surfing,laceration to heel,n
usa,standing,2-inch laceration to lower right leg,n
usa,nan,hand bitten minor injury,n
usa,swimming,right foot bitten,n
usa,body boarding,foot bitten,n
brazil,surfing,"arm bitten, fatal",y
south africa,surfing,wetsuit lacerated,n
usa,surfing,foot bitten,n
usa,fishing,minor laceration to leg from a hooked shark provoked incident,n
usa,jumped off surfboard & landed on the shark,foot bitten provoked incident,n
usa,scuba diving ascending using scooter,"forearm, abdomen & upper leg lacerated",n
usa,kayaking,minor injuries,n
usa,playing  jumping,ankle bitten,n
usa,surfing,foot bitten,n
usa,swimming,right leg bitten,n
usa,swimming,leg bitten,n
usa,swimming,puncture wounds & scratches to torso & left leg,n
hong kong,swimming,"fatal, left  leg & forearm severed",y
hong kong,swimming,"fatal, right thigh bitten, femur exposed",y
hong kong,diving,"fatal, right leg severed, left leg lacerated",y
usa,surfing,left foot bitten,n
fiji,sleeping in anchored boat,"fatal, hand & leg severely injured by shark that leapt into boat",y
australia,nan,no details,unknown
south korea,diving for abalone,right leg severed fatal,y
usa,nan,"dorsum of right hand bitten, a probable bluefish bite",nan
usa,nan,puncture wounds on right foot,n
australia,diving,"no injury, shark took swimfin",n
japan,scuba diving for bivalves,fatal,y
australia,surf skiing,"no injury, knocked off board by shark",n
australia,surfing,left arm lacerated,n
brazil,swimming,fatal,y
south africa,swimming,lacerations to lower leg & foot,n
venezuela,wind surfing,right ankle & foot bitten,n
south africa,swimming,"fatal, right thigh bitten & femur exposed, shallow lacerations on right calf & left thigh & fingers lacerated",y
brazil,surfing,foot bitten,n
south africa,diving,reportedly lost lower right leg as result of shark bite,nan
australia,snorkeling,"no injury, grabbed byshark after he pulled its tail provoked incident",n
usa,scuba diving,death resulted fom drowning; shark bites were post-mortem,nan
usa,nan,no details,unknown
south africa,body boarding,"no injury, board bitten",n
usa,"surfing, sitting on board","no injury, shark bit surfboard",n
brazil,surfing,survived,n
brazil,surfing,right thigh bitten,n
vanuatu,nan,no details,unknown
usa,nan,sharks took some of the crew,y
australia,murder victim,shark scavenged on his corpse,nan
usa,commercial diver submerged or treading water,"fatal, right leg nearly severed, puncture wounds to left leg",y
brazil,surfing,fatal,y
south africa,spearfishing,no injury,n
usa,"surfing, paddling seawards",right thigh & board bitten,n
usa,surfing,"no injury, shark bit surfboard",n
brazil,surfing,survived,n
brazil,surfing,survived,n
usa,wading,ankle bitten when she accidently stepped on the shark  provoked incident,n
usa,surfing,foot bitten,n
usa,swimming,right side of abdomen & left hand bitten,n
usa,surfing,"no injury, surfboard bitten",n
usa,adrift on refugee raft,fatal,y
usa,jumped off rocks into white water,left calf bitten,n
japan,nan,survived,n
brazil,surfing,left foot severed,n
brazil,swimming,fatal,y
reunion,windsurfing,fatal,y
south africa,surfing,"fatal, leg severed",y
south africa,surfing,buttock & leg bitten,n
brazil,surfing,survived,n
usa,surfing,right calf lacerated,n
bahamas,spearfishing,forearm severely bitten,n
usa,surfing,foot lacerated,n
usa,surfing,right foot lacerated,n
usa,spearfishing,shoulder bitten,n
usa,wading,lower left calf & ankle  lacerated,n
usa,wading,gash on ankle,n
usa,surfing,right knee lacerated,n
usa,nan,not a shark attack; possibly murder body recovered 4-16-1994 minus severed leg blue shark bites were post-mortem,nan
reunion,nan,fatal,y
bahamas,wading,lower right  leg bitten,n
usa,freediving for seashells,left shoulder lacerated,n
south africa,spearfishing,fatal,y
chile,swimming alongside noaa research vessel discoverer,leg severed mid-thigh,n
chile,swimming alongside noaa research vessel discoverer,thigh bitten,n
usa,removing shark from tank in nightclub,arm lacerated by captive shark provoked incident,n
brazil,surfing,leg bitten,n
south africa,spearfishing,swim fin bitten,n
usa,surfing,left foot bitten,n
usa,fishing,arm bitten while trying to secure shark caught by navy personnel from vessel provoked incident,n
south africa,surfing,leg bitten,n
new caledonia,fishing,"fatal, right foot severed",y
brazil,swimming,right leg bitten,n
usa,surfing,fatal,y
south africa,windsurfing,calf bitten,n
australia,fishing,"no injury to occupants, shark bit anchor and ladder",n
australia,"swimming, after falling off towed kneeboard",hamstring bitten,n
south africa,swimming,foot bitten,n
hong kong,playing volleyball with friends,both legs lacerated,n
usa,surfing,left foot bitten,n
usa,surfing,fatal,y
usa,swimming,"""minor cuts to left leg""",n
australia,hookah diving,fatal,y
usa,"surfing, paddling shorewards",left leg severely bitten,n
somalia,stamding,fatal,y
usa,surfing,serious injury to left leg,n
usa,swimming,thigh & hand lacerated,n
usa,kayaking,"no injury, kayak holed",n
usa,surfing,serious leg wounds,n
somalia,swimming,fatal,y
south africa,spearfishing,calf lacerated,n
el salvador,surfing,left leg gashed,n
el salvador,surfing,"fatal, arms & legs bitten, then drowned",y
usa,wading,left foot bitten,n
usa,nan,left foot bitten,n
spain,swimming,"thigh bitten, toes of left foot severed",n
bahamas,spearfishing,leg bitten,n
usa,surfing,right foot bitten,n
usa,"surfing, paddling seawards",abrasions & board bitten,n
usa,watching the shark feeding on a dead pinniped,no injury to occupants; shark circled boat repeatedly then rammed the vessel 3 times,n
usa,riding floatation device,severe lacerations to abdomen & thighs,n
australia,fishing,"no injury to occupants shark struck boat, lifting the outboard motor",n
usa,free diving for abalone ascending,severe bites to head & shoulder,n
new caledonia,fishing for lobsters,fatal,y
el salvador,oyster fishing,fatal x 2,y
south africa,surfing,puncture wounds on chest,n
usa,playing,right knee bitten,n
brazil,swimming,fatal,y
reunion,body boarding,note: see 19920628,n
hong kong,swimming,fatal,y
mexico,scuba diving,fatal,y
usa,paddling on surfboard or body board,feet & ankles bitten,n
australia,scuba diving,fatal,y
australia,scuba diving at seal colony,fatal,y
hong kong,swimming,fatal,y
usa,swimming,"no injury, bumped by shark",n
hong kong,nan,"missing, believed taken by a shark",y
somalia,swimming,fatal,y
australia,spearfishing,no injury,nan
brazil,surfing,survived,n
usa,floating on his back,both feet lacerated,n
japan,nan,survived,n
usa,paddling on surfboard,lower legs lacerated,n
usa,free diving & spearfishing ascending,"no injury, swim fin bitten",n
new caledonia,swimming,hip bitten,n
tonga,sea disaster,puncture wounds to right thigh,n
tonga,sea disaster,foot bitten,n
australia,fishing,"legs lacerated, puncture wound in hand from hooked shark hauled onboard provoked incident",n
brazil,body boarding,left leg bitten,n
australia,spearfishing,"6"" laceration to left forearm",n
caribbean sea,,"no injury to occupants sharks, attracted to offal from slaughtered dolphin, attacked & damaged their canoe",n
usa,surfing,"no injury, shark bit board",n
angola,surfing,right leg bitten,n
somalia,nan,fatal,y
tonga,spearfishing,left buttock and thigh bitten,n
usa,snorkeling,survived,n
usa,"standing in waist-deep water, helping his father tend a gill net containing dead fish",right leg bruised & abraded,n
usa,lying on surfboard,"minor lacerations to hand, 15"" crescent-shaped piece removed from surfboard",n
usa,spearfishing  free diving,10 puncture wounds to right calf,n
usa,surfing,forearm  & hand bitten; tooth fragments of the shark were recovered from the surfer's hand,n
usa,surfing,right ankle bitten,n
usa,kayaking,"no injury, kayak bitten",n
fiji,scuba diving,left arm lacerated,n
usa,scuba diving submerged,foot punctured,n
usa,surfing,heel bitten,n
usa,body boarding,right leg severely lacerated  fatal,y
usa,hookah diving for sea urchins,foot & swim fin punctured,n
usa,surfing,"chest & arm bruised & scratched, 15"" crescent-shaped piece removed from board",n
australia,scuba diving,minor injury while delivering pup of female shark caught in a net,n
brazil,boogie boarding,legs bitten,n
australia,surfing,fatal,y
brazil,body boarding,left leg severely bitten,n
usa,surfing,minor bruises,n
usa,standing,right ankle & calf bitten,n
brazil,swimming,fatal,y
usa,surf fishing,"foot bitten, 8 stitches needed to repair the wound",n
bahamas,"snorkeling, carrying a speared fish in her hand",left hand bitten,n
australia,surfing,"minor cuts, sufboard bitten",n
usa,fell from cliff while fishing & disappeared in strong current,body recovered next morning injuries appeared to be inflicted post mortem,nan
usa,surfing,"no injury, board bitten",n
usa,snorkeling,"grabbed metal leader to shark, shark clamped on  & bit  left bicep provoked incident",n
usa,fisherman,no details,nan
usa,"zosimo & his son, jeffrey popa, failed to return from overnight fishing trip in a 14' boat, boat apparently sank, debris recovered but his son & boat were never found","death due to drowning his body, tied to floating ice chest, had 2 small post-mortem bites due to cookie cutter shark",nan
usa,standing,lacerations to left foot,n
brazil,surfing,arm bitten,n
brazil,surfing,"lower leg bitten, surgically amputated",n
brazil,swimming,fatal,y
reunion,surfing,fatal,y
vanuatu,swimming,right leg was bitten above and below the knee and an artery was punctured,n
japan,preparing to fish for jack-mackerel,"no inujury to occupant shark bit boat repeatedly, leaving  2 teeth in the bottom keel of the boat",n
reunion,diving,survived,n
usa,scuba diving,disappeared his ripped dive jacket was recovered,nan
reunion,surfing,fatal,y
mexico,scuba diving & filming,"fingers, hand & arm bitten",n
new zealand,snorkeling,"right forearm severed, left forearm lacerated & broken",n
south africa,surfing,punctures & lacerations on lower leg,n
usa,"surfing, paddling seawards","foot bitten, crescent of bitemarks in both sides of board",n
australia,surfing,"right thigh, back & hand lacerated",n
japan,hookah diving for pen shells,"fatal, body not recovered",y
japan,"fishing for yellowtail, seriola quinqueradiata",no injury to boat or occupant,n
usa,surfing sitting on his board,"left shoulder & side bitten, board broken",n
usa,body boarding,fatal disappeared his board washed ashore next morning with crescent-shaped piece missing and serrated toothmarks of a shark,y
japan,diving for pen shells,"no injury, steel diving helmet bitten 3 times",n
australia,surfing,"no injury, shark allegedly took his surfboard & slashed his wetsuit shark involvement questionable",nan
reunion,spearfishing,survived,n
australia,boogie boarding,right leg lacerated,n
south africa,swimming,right foot lacerated,n
south africa,spearfishing,left cheek lacerated,n
mauritius,fishing,survived,n
japan,nan,survived,n
japan,nan,survived questionable incident,nan
fiji,nan,fatal,y
usa,hookah diving for sea urchins,"no injury, shark became tangled in hose & towed him 100'",n
usa,snorkeling,"fatal, right leg at hip, left leg and right forearm severed",y
usa,snorkeling,right calf abraded,n
usa,"fishing from rocks, swept out to sea by large wave & treading water","body not recovered, shorts found indicating shark bite on left side",y
usa,fishing,hand bitten as he was cleaning hooked shark provoked incident,n
australia,boogie boarding,calf scratched & chunk bitten from board,n
usa,surfing,right foot & ankle lacerated,n
usa,surfing,"arm, shoulder & back bitten",n
bahamas,spearfishing,"initally reported as a shark attack, forensic examination concluded cause of death was drowning",nan
australia,scuba diving,fatal,y
australia,finning the shark that bit him,"shark bit his arm, nearly severing it provoked incident",n
usa,swimming,deep cuts on lower leg,n
usa,wading,bite to left thigh & calf,n
usa,fishing,laceration to right forearm provoked incident,n
italy,canoeing,no injury to occupant; canoe bitten,n
usa,snorkeling,arm bitten,n
usa,swimming from makeshift raft  to life vest after fishing boat sank,punctures in lower abdomen & groin,n
usa,fishing,injury to right shin,n
usa,swimming,arm bitten,n
reunion,surfing,left arm severed,n
usa,surfing,"forearm, upper thigh, knee & ankle lacerated",n
usa,boogie boarding,severe laceration to foot,n
hong kong,nan,fatal,y
hong kong,fishing,"fatal, right arm severed",y
usa,surfing,hand bitten,n
usa,swimming behind sailboat,"left ankle, calf, thigh and abdomen bitten",n
hong kong,swimming,abdomen bitten & leg severed  fatal,y
usa,sitting on surfboard,right calf bitten,n
south africa,scuba diving,"no injury, tank scratched by shark",n
brazil,fishing,2 fingers severed by netted shark provoked incident,n
usa,diving,minor injury by captive shark provoked incident,n
usa,"surfing, collided with shark",right thigh,n
usa,sitting on surfboard,deep lacerations to calf & ankle,n
australia,scuba diving,lacerations to arm & leg,n
usa,surfing,calf lacerated & board bitten,n
south africa,spearfishing,foot & swim fin bitten,n
australia,swimming,"hands, legs & buttocks lacerated",n
australia,surf-skiing,"no injury, shark brushed ski",n
australia,surfing or sailboarding,survived,n
south africa,nan,survived,nan
australia,swimming,"abdomen, hip, leg & arm bitten",n
usa,scuba diving but on surface,leg bitten,n
usa,surfing,"ear, shoulder, arm, wrist & ear injured",n
usa,surfing,"hand & wrist bitten, tooth fragments in wound",n
usa,surfing,cuts on left foot,n
australia,swimming,buttocks & hip bitten,n
australia,surfing,lacerations to foot,n
usa,surfing,wrist bitten,n
usa,surfing,"no injury, board bitten",n
usa,surfing,superficial injuries to left foot & ankle,n
south africa,spearfishing,right hand lacerated,n
usa,"free diving  spearfishing, from paddleboard & floating on the surface","shark rammed & overturned paddleboard, knocking him into water & bit his head, lacerating his face & neck",n
usa,kayaking,"no injury, kayak capsized",n
usa,scuba diving,"disappeared, body recovered with large bite on thigh",nan
usa,surfing,4 punctures on leg & board bitten,n
usa,surfing,minor cuts to foot,n
usa,wade fishing,minor injury,n
bahamas,fishing,injury to lower left leg by hooked shark  provoked incident,n
usa,wading,10-inch laceration to right foot,n
usa,surfing,minor injury to left ankle & foot,n
south africa,scuba diving but on surface,"fatal, thigh bitten",y
bahamas,spearfishing,left forearm bitten,n
south africa,fishing,"no injury to occupants, hooked shark freed itself, then rammed stern of boat provoked incident",n
australia,snorkeling,lacerations,n
australia,"snorkeling, possibly holding a fish",lacerations,n
south africa,resting on surfboard,thigh severely bitten,n
south africa,lying on surfboard & paddling,leg bitten,n
australia,surfing,"lacerations & abrasions, board bitten in half",n
australia,free diving for trochus,presumed fatal,y
australia,surfing,"no injury, board broken in two",n
australia,surfing,"no injury, board bitten",n
usa,sitting on surfboard,"ankle lacerated, lower left leg severely abraded",n
fiji,swimming,lacerations to right leg,n
reunion,surfing,survived,n
usa,scuba diving & spearfishing,right arm severed  fatal,y
usa,board sailing,foot bitten,n
usa,surfing sitting on his board,"no injury, board bitten",n
usa,surfing,nan,unknown
usa,on board 51' fishing vessel one ki,left leg & foot bitten  by shark brought onboard provoked incident,n
australia,nan,"no details, ""recovering in darwin hospital""",unknown
australia,swimming,"swept out to sea, feared taken by shark",nan
australia,surfing,thigh bitten,n
south africa,free diving & spearfishing,fatal,y
usa,"wading, knocked down & swept away by large waves",lower porton of body recovered 3 days later note: rare sighting of shark made at same beach on 11-5-1989,nan
australia,swimming in canal,left ankle broken & lacerated,n
australia,swimming,puncture marks to right calf,n
australia,surfing,"no injury, board bitten",n
usa,scuba diving,"disappeared 15 minutes into shallow dive decapitated body minus arm found by divers the following morning, then a large tiger shark appeared and consumed most of remains",nan
usa,surfing,foot & leg bitten,n
usa,diving,fatal,nan
australia,surfing,no details,unknown
south africa,free diving,chest lacerated,n
usa,"fishing, stepped on hooked shark's head",bitten by hooked shark provoked incident,n
usa,observing a shark feeding on a carcass of a humpback whale,no injury to occupants shark bit boat's swim step & repeatedly pushed the boat away whenever if came within 4 to 5 m of the whale carcass,n
usa,hookah diving for abalone descending,leg bitten,n
usa,surfing,non-fatal,n
usa,filming 5' blue shark,hand  & both arms bitten   provoked incident,n
australia,feeding fish,left leg bitten by captive shark                   provoked incident,n
usa,swimming,3 wounds on left hand,n
south africa,surfing,multiple injuries,n
australia,surfing,"no injury, shark took chunk out of surfboard",n
bahamas,spearfishing,severe hand and arm injuries; right hand surgically amputated,n
australia,fishing for sharks,laceration to arm  provoked incident,n
bermuda,scuba diving,fatal,nan
south africa,surfing,torso bitten,n
reunion,surfing,fatal,y
usa,surfing,5-inch gash on left leg,n
usa,playing,leg bitten,n
usa,fell off surfboard 20' from shore,foot & ankle severely bitten,n
usa,spearfishing,puncture wounds & lacerations to both legs,n
italy,windsurfing urinating on his board,upper right thigh bitten,n
south africa,surfing,"no injury, board bitten",n
south africa,free diving,forearm bitten,n
japan,nan,"doubtful incident, needs investigation",nan
usa,swimming,right calf bitten,n
usa,surfing lying prone on his board,forearm bitten,n
usa,nan,no injury to occupants shark rammed boat 4 times,n
usa,paddling on surfboard,calf lacerated,n
usa,paddling on surfboard,"board rammed by shark, skegs knocked loose & 5' strip of fiberglass torn off, thigh scratched by shark’s teeth",n
australia,surfing,thigh bitten fatal,y
australia,kayaking,"no injury, but the kayak was bitten by the shark",n
south africa,fishing,thigh lacerated & abraded  provoked incident,n
south africa,windsurfing,foot bruised & minor lacerations,n
italy,"scuba diving, but swimming on surface",fatal his body not recovered,y
usa,kayaking,reported by media as shark attack but forensic evidence indicated the kayaker died prior to any shark involvement,nan
usa,kayaking,"fatal, thigh bitten, hands lacerated",y
usa,body boarding,foot bitten,n
south africa,lifesaving drill,thigh bitten,n
usa,swimming in strong current with 3 others when he disappeared,"lower part of body found 6 days later, x-rays revealed teeth marks in femur & tibia",y
australia,surfing with dolphins,"abdomen lacerated, surfboard holed",n
papua new guinea,"scuba diving, hand feeding sharks",thigh & calf bitten,n
usa,spearfishing using scuba & trailing a string of bleeding fish,"no injury, shark grabbed his fish and chased him to the boat",n
chile,skindiving,fatal,y
australia,"the christie v sank on 1161988, survivors were adrift on a dinghy","fatal  when james coucom, the lone survivor, was rescued, ""2 sharks were pounding on the dinghy""",y
australia,"the christie v sank on 1161988, survivors were adrift on a dinghy",fatal,y
philippines,the mv dona marilyn sank in typhoon unsang with the loss of 389 lives,"according to survivors, many people were taken by sharks",y
usa,surfing sitting on his board,leg bitten & femur fractured,n
australia,surfing,lacerations to right leg,n
usa,surfing,lacerations to left thigh,n
usa,surfing,left leg lacerated,n
usa,surfing,hand lacerated,n
australia,surfing,lower right  leg lacerated,n
usa,wading,leg lacerated,n
usa,surfing,lacerations to foot,n
papua new guinea,diving,fatal,y
usa,walking,dennis' hand injured; ann's right forearm bitten,n
usa,snorkeling,"fatal, thigh & hand lacerated",y
usa,diving in sharkey's reef restaurant’s aquarium,arm bitten by captive shark provoked incident,n
italy,nan,survived,n
japan,nan,survived,n
usa,surfing,thigh bitten,n
bahamas,free diving & spearfishing,hand bitten,n
bahamas,spearfishing on scuba,cheek bitten,n
bahamas,diving,right palm lacerated,n
usa,swimming,punctures & deep scratches to foot & buttock,n
usa,boogie boarding,punctures to lower left leg & foot,n
bahamas,snorkeling,leg lacerated,n
bahamas,spearfishing,lacerations to arm,n
south africa,spearfishing,left arm lacerated,n
usa,scuba diving,survived,n
usa,sittting in water with his child,left leg bitten,n
usa,swimming,four lacerations to his ankle,n
usa,surfing,cuts to right foot and ankle,n
south korea,shell diving,fatal,y
usa,surfing,left foot bitten,n
usa,surfing  treading water,left leg & right foot bitten,n
reunion,pêcheur de bichiques,fatal,y
usa,surfing,no injury,n
usa,swimming,lacerations to left foot,n
usa,onboard 21' powerboat that capsized in rough seas,"human remains, believed to be those of mr goo, washed ashore along the waihee shore several days later",nan
usa,surfing,right hand bitten,n
usa,windsurfing,"6"" laceration to left foot",n
south africa,nan,"arm washed ashore scratch marks on the humerus indicated it had been bitten by a shark, but cause of death could not be determined",nan
usa,standing,foot bitten,n
usa,body surfing,ankle bitten,n
south africa,surfing,"lower left leg bitten, hand lacerated",n
reunion,surfing,laceration to hand,n
south africa,nan,"no injury to occupants, pontoon puctured",n
south africa,surfing,ankle bitten,n
south africa,lying atop surfboard,"leg bitten, surgically amputated",n
australia,drift fishing,"no injury to occupants; shark leapt into boat, almost capsizing it and destroyed the inside of the boat",n
fiji,diving,lacerations to left arm & waist,n
south africa,surfing,minor injury to leg,nan
australia,fell overboard  from the taiwanese fishing trawler lien cheng feu,his remains were recovered from a shark caught by  the trawler ho tai no12 in march 1988,nan
usa,fishing,hand bitten by captured shark provoked incident,n
south africa,attempting to lasso shark's tail,foot lacerated by hooked shark provoked incident,n
south africa,"returning to shore, collided with shark","no injury to occupants; shark ripped off fibreglass hull, swamping boat provoked incident",n
australia,surfing,hand bitten,n
philippines,ferry boat dona paz with 4431 passengers exploded & caught fire when she collided with an  oil tanker,25 people survived; 300 shark-mutilated bodies were recovered,y
usa,surfing,left calf bitten,n
australia,nan,"remains recovered from 4 m, 420-kg, caught 13-dec-1987k",nan
usa,surfing,leg lacerated,n
south africa,nan,possible drowning  scavenging,nan
usa,surfing,buttock & leg bitten,n
south africa,boogie boarding,abrasion to forearm,nan
south africa,spearfishing,left thigh & calf lacerated,n
dominican republic,"vessel caught fire & capsized, survivors in the water","of 160 people on board, >100 missing",y
australia,scuba diving for scallops,fatal,y
south africa,surfing,torso lacerated,n
usa,wading,lower left leg lacerated,n
usa,surfing sitting on his board,fingers & surfboard injured,n
usa,surfing,right foot & ankle lacerated,n
usa,body surfing,left foot bitten,n
usa,wading,puncture wounds to right foot,n
usa,dropping anchor,no injury to occupants shark grabbed anchor,n
bahamas,snorkeling,right leg bitten,n
bahamas,spearfishing,puncture marks to torso,n
usa,fishing,left hand bitten by shark he was dragging ashore by its head provoked incident,n
usa,nan,"6"" cut to thigh",n
usa,surfing,hand lacerated,n
australia,fishing,3 fingers severed by metal trace as he tried to haul in a hooked shark provoked accident,n
south africa,fishing,"slipped off rocks & was treading water when he disappeared, body mutilated by sharks",nan
usa,swimming,right arm severed above elbow,n
usa,swimming from shore to anchored sailboat,"presumed fatal disappeared, his shark-bitten swim trunks were found on the seafloor",y
vanuatu,swimming,fatal,y
australia,surfing,calf lacerated,n
south africa,nan,"no injury to occupants, boat holed by hooked shark provoked incident",n
usa,windsurfing,"lacerations to toe, heel & ankle of right foot",n
solomon islands,the inter-island ferry vula sank in heavy weather,fatal,y
south africa,spearfishing,puncture wounds to right hand,n
australia,swimming,right leg lacerated,n
montenegro,jumped into the water from a cliff,fatal,nan
italy,boat,no injury,n
south africa,spearfishing,2 punctures in lower leg,n
south africa,body boarding,"fatal, legs bitten",y
usa,surfing,forearm bitten,n
bahamas,adrift after ditching plane in the sea,"no injury, bumped  by sharks",n
usa,free diving  & spearfishing submerged,"punctured lung, lacerations to shoulder, face, jaw, neck & forearm",n
south africa,spearfishing,"no injury, no attack, 18 m copper shark made threat displays",nan
new caledonia,spearfishing,right leg bitten,n
usa,surfing,5' gash in leg,n
usa,surfing,laceration to dorsum of left foot,n
usa,surfing,ankle bitten,n
south africa,nsb meshing,minor lacerations & puncture wounds to right leg from netted shark taken onboard skiboat provoked incident,n
usa,swimming,hip & thigh bitten,n
south africa,racing ski,"no injury, ski bitten",n
australia,nan,no details,unknown
usa,surfing,laceration to right arm,n
usa,nan,human hand recovered from 15 m [5'] blacktip shark's stomach,nan
usa,surfing,survived,n
usa,surfing,hand bitten,n
usa,surfing,hand bitten,n
south africa,spearfishing,"no injury, shark made threat display & impaled itself on spear",nan
australia,scuba diving,survived,n
france,nan,survived,n
australia,fishing,"no injury to occupants shark bit motor, lifting stern a half-metre out of the water",n
usa,nan,back of left thigh bitten,n
south africa,spearfishing,minor lacerations on left hand,n
australia,scuba diving,survived,n
south korea,shell diving,fatal,y
usa,"fishing, fell from rocks & disappeared",pieces of clothing & human flesh recovered by fire department divers who encountered a large shark,y
spain,diving,abrasions,n
spain,windsurfing,foot severed,n
south africa,treading water,foot bitten,n
south africa,surfing,"no injury, board struck by shark",n
south africa,surfing,"no injury, board bitten",n
south africa,surfing,"no injury, knocked off board",n
south africa,swimming,lower leg lacerated,n
south africa,spearfishing,2 punctures in upper arm,n
australia,surfing,"no injury, knocked into water & board bitten",n
usa,surfing,puncture wounds to both feet,n
usa,surfing,"no injury, foot bumped",n
south africa,surfing,"both surfers boards were bumped by sharks, moolman sustained abrasions on his arm and leg",n
usa,nan,survived,n
australia,fishing,laceration to lower left leg by hooked shark provoked incident,n
usa,boat,2 semi-circular bites on aft starboard tube of boat,n
usa,fishing,forearm bitten by hooked shark provoked incident,n
south africa,body boarding,"left leg severely lacerated, superficial lacerations of right leg,  board damaged",n
usa,diving for abalone hookah,minor injury to foot & ankle,n
usa,body boarding,"right hand and part of forearm severed , left hand lacerated, right anterior side of board removed by shark",n
usa,floating on inner tube after diving for lobster,left arm lacerated,n
usa,fishing,laceration to leg by hooked shark  provoked incident,n
usa,free diving & spearfishing descending,"hip bumped by shark, no injury",n
south africa,swimming,probable drowning  scavenging,nan
usa,scuba diving,laceration and 4 puncture wounds to left hand,n
usa,swimming,found to be a hoax,nan
usa,wading,right calf bitten & less serious injury to left foot,n
usa,wading,"3"" wound on thigh",nan
usa,scuba diving,body not recovered 3 days later some of his equipment was found on seabed appeared damaged by a shark,nan
usa,wading,right calf bitten,n
usa,surfing,hand bitten,n
usa,bottom fishing for lingcod & had hooked a fish,"no injury to occupant, shark rammed boat catapulting it out of the water",n
usa,playing in knee-deep water,23rd of left calf removed,n
italy,snorkeling,contusion of left foot,n
usa,"surfing, but lying prone on his board",leg injured,n
south africa,spearfishing,"after diver shot shark attempting to take his catch, shark bit right arm & tore wetsuit  provoked incident",n
usa,surfing,hand bitten,n
australia,free diving for scallops,fatal,y
usa,scuba diving for lobster at surface,bruised,n
usa,surfing,right foot bitten,n
south africa,swimming,"right knee, calf and ankle lacerated",n
south africa,nan,probable drowning  scavenging,nan
south africa,surfing,thigh & calf bitten,n
new zealand,investigating shark sighting,"no injury to occupant, shark bit boat",n
south africa,spearfishing,minor injury to torso,n
new caledonia,spearfishing,legs bitten,n
south africa,spearfishing,upper right arm bitten after he shot the shark provoked incident,n
vanuatu,nan,fatal,y
iran,fishing,fatal,y
italy,boat,no injury,n
australia,sailing on catamaran & fell into the water,fatal,y
usa,surfing,left foot bitten,n
usa,spearfishing,"speared shark bit diver's right knee, and lacerated right thigh & buttocks provoked incident",n
usa,swimming,"disappeared, 1 mile from where sandra fletcher was bitten death was due to drowning",nan
usa,surfing or body surfing,"9"" laceration to right forearm",n
usa,wading,"10"" laceration on leg",nan
usa,surfing,left calf bitten,n
usa,surfing sitting on his board,"abrasion on right foot, board bitten",n
usa,"free diving , but surfacing",legs & buttocks bitten,n
usa,surfing,right foot bitten,n
usa,swimming,left foot lacerated,n
usa,surfing,foot bitten,n
usa,swimming,no details,unknown
usa,wading,arm bitten,n
usa,skindiving,fatal,y
mexico,spearfishing,"no injury, provoked incident",n
usa,boat capsized,death was due to drowning; body scavenged by a tiger shark,nan
indonesia,"sea disaster, foundering of the cargo vessle mv dorolonda",fatal,y
usa,swimming,lacerations on right foot,n
usa,swimming,legs severely lacerated,n
south africa,spearfishing,"fatal, but shark involvement prior to death could not be determined",nan
usa,"during a shark fishing tournament, the 18' boatem was capsized by waves, throwing 3 men into the water",leg abraded,n
south africa,spearfishing,"no injury, shark hit swim fin",n
south africa,surfing,"no injury, board bitten",n
usa,towing her sister on plastic ski board,foot bitten,n
vanuatu,swimming,fatal,y
south africa,spearfishing,swim fin bitten,n
somalia,murder,forced at gunpoint to jump overboard presumed fatal; shark involvement probable but not confirmed,nan
south africa,surfing,"no injury, 8 pressure dings in surboard",n
south africa,rowing,"no injury to occupant, shark seized oar and disappeared with it",n
australia,nan,no details,unknown
south africa,fishing,leg lacerated by hooked shark provoked incident,n
south africa,scuba diving,punctures in wetsuit & left arm bruised by captive shark provoked incident,n
south africa,nan,"human remains recovered, evidence of scavenging by sharks",nan
australia,spearfishing,hand bitten,n
south africa,swimming,foot bitten,n
south africa,nan,remains recovered 1-4-1984 showed evidence of defense wounds,y
usa,steinhart aquarium,head mouthed by captive shark provoked incident,n
usa,surfing,right foot bitten,n
greece,spearfishing,"coroner determined the man was killed by a boat propeller, not a tiger shark",nan
usa,surfing,left foot & thigh bitten,n
australia,scuba diving for abalone,fingers bitten,n
south africa,swimming,"left calf, ankle & foot lacerated",n
south africa,swimming,shin lacerated,n
south africa,nan,"two feet found in 174 m, 115-kg zambesi shark, confirmed as a postmortem scavenging",nan
philippines,ferry boat sank,left foot nipped,n
usa,surfing,laceration to left foot,n
south africa,swimming,probable drowning and scavenging,nan
usa,surfing,puncture marks in leg & surfboard dinged,n
usa,wading,lacerations to left ankle,n
usa,standing,abrasions to leg,n
usa,surfing,"no injury, board bitten",n
south africa,spearfishing,inner thighs lacerated,n
usa,swimming,foot bitten,n
usa,skindiving,hand abraded when he grabbed shark's tail provoked incident,n
usa,diving,right leg severely bitten,n
usa,fishing,no injury to occupants,n
australia,swimming from the new venture,"fatal, shark seized her by the chest and took her underwater",y
australia,swimming from the new venture,"fatal, shark bit leg, then dragged him underwater",y
australia,14 m prawn trawler new venture capsized  & sank in heavy seas three people in the water,"left knee bitten, but survived",n
south africa,surfing,left arm injured by shark's tail as it swam beneath his board,n
usa,windsurfing,left ankle nipped 3 punctures wounds,n
bahamas,spearfishing,lacerations to left calf,n
usa,floating on air mattress,"no injury, shark bit air mattress, deflating it",n
usa,swimming,left foot bitten,n
bahamas,spearfishing,fatal,y
usa,surfing & dangling foot in water amid baitfish,left foot lacerated,n
bahamas,nan,lacerations to hand & foot,n
italy,scuba diving,"no injury, 3 m shark ""harassed"" him at depth of 5 m",nan
bahamas,spearfishing,lacerations to thigh & buttocks,n
usa,water-skiing,"left calf, knee & hands lacerated",n
usa,surfing,"knocked off board by shark, no injury",n
usa,surfing,right foot bitten,n
usa,surfing,no details,unknown
south africa,fishing,puncture wounds to foot,n
usa,surfing,left foot bitten,n
south africa,nan,survived,nan
south africa,spearfishing,right calf lacerated,n
south africa,surfing,"no injury, board bitten",n
usa,surfing,"shark nudged board, no injury",n
new caledonia,nan,calf bitten,n
south africa,paddleskiing,puncture wounds to buttocks,n
usa,fishing,leg bitten by captive shark provoked incident,n
south africa,nan,fatal,nan
south africa,windsurfing,left foot lacerated,n
south africa,spearfishing,"no injury, rammed by shark",n
nan,swimming,left leg bitten,n
vanuatu,ran into the water,"fatal, armshoulder severed",y
usa,fishing,bitten on their feet by landed sharks  lacerations only provoked incidents,n
australia,surfing,"no injury, surfboard bitten",n
usa,in waist-deep water,arm bitten,n
usa,yacht trashman capsized in storm,fatal,y x 2
usa,windsurfing,left foot lacerated,n
south africa,surfing,"no injury, pressure ding on surfboard",n
south africa,surfing,"no injury, surfboard bitten",n
usa,surfing,laceration to lower left leg,n
usa,diving,lacerations to hand,n
usa,free diving for abalone from zodiac submerged,upper left thigh & buttocks bitten,n
usa,nan,"remains recovered from 27 m tiger shark, but shark involvement prior to death unknown",nan
japan,nan,fatal,y
usa,surfing,"no injury, board bitten",nan
south africa,swimming,"left knee, lower leg & foot bitten",n
tunisia,windsurfing,thigh lacerated,n
south africa,boogie boarding,"no injury, swim fin bitten",nan
south africa,paddleskiing,"no injury, ski bitten",n
usa,paddle boarding,"no injury, board bitten",n
usa,swimming,left ankle bitten,n
usa,swimming,laceration to left thigh,nan
usa,swimming,laceration to left leg,n
new caledonia,nan,left arm bitten,n
south africa,surfing,fatal,y
usa,swimming,left arm bitten,n
bahamas,spearfishing,arm severed at elbow,n
usa,nan,foot bitten,n
usa,"sailboarding, fell into water 100 yards outside the breakwater",thigh bitten 3 times,n
usa,nan,human remains recovered from tiger shark,nan
usa,surfing,elbow bitten,n
australia,surfing,legs bitten  fatal,y
new caledonia,spearfishing,arm bitten,n
australia,spearfishing,"fatal, body not recovered",y
usa,surfing,lacerations to left hand and forearm,n
south africa,fishing,leg bitten above ankle by hooked shark taken aboard skiboat provoked incident,n
usa,wading,left leg bitten,n
usa,swimming,right foot bitten,n
usa,swimming,shark-bitten body found floating 15 miles offshore bruises suggested she may have been bitten by the shark before drowning,y
usa,scuba diving submerged,calf & ankle bitten,n
usa,diving,"fatal disappeared while diving, bathing suit & diving gear recovered bore marks of shark's teeth",y
south africa,swimming,right shin & toe lacerated,n
italy,boat,no details,unknown
italy,fishing on a boat,no injury,n
tunisia,spearfishing,no details,unknown
usa,surfing,"fatal, torso bitten",y
australia,nan,abdomen lacerated,n
usa,"spearfishing, but swimming on surface",right leg severely bitten,n
reunion,spearfishing,survived,n
south africa,inspecting teeth of supposedly dead hooked & shot shark,hand lacerated  provoked incident,n
usa,diving to untangle a crab trap line from boat's propeller,hand bitten,n
usa,swimming,hand & forearm bitten,n
usa,surfing,no details,unknown
usa,surfing,puncture wounds to left foot,n
usa,surfing,laceration to right leg,n
usa,surfing,5 puncture marks to hip,n
usa,surfing,lacerations to right hand,n
usa,swimming,"fatal, right calf bitten",y
usa,surfing,lacerations to 2 fingers of left hand,n
usa,surfing,laceration to foot,n
usa,surfing,laceration to left ankle,n
usa,spearfishing,"shot shark, then it bit him puncture wounds on leg  provoked incident",n
usa,fishing,disappeared while fishing from shore leg found 7 days later wedged in rocks 150 yards offshore,nan
usa,diving,bite to face,n
usa,"16' catamaran capsized previous night, occupants stayed with wreckage until morning, then attempted to swim ashore",fatal,y
bahamas,snorkeling on surface,upper right arm bitten,n
usa,swimming,"foot bitten between arch & big toe, no stitches required",n
south africa,surfing,7 lacerations to right foot,n
usa,spearfishing,left foot & ankle lacerated,n
south africa,catching sardines,laceration to calf,n
england,fishing,minor injuries from shark that leapt aboard their boat,n
usa,nan,"probable drowning, 12 m [4'] shark hindered recovery of body",nan
usa,"scuba diving, reportedly also spearfishing","fatal, disappeared, dive gear & shredded tooth-marked wetsuit were recovered",y
south korea,shell diving,fatal,y
south africa,surfing,"shark & board collided no injury, but board was dented",n
usa,free diving,massive tissue damage of left arm,n
usa,diving,left arm bitten,n
south africa,surfing,"no injury, board bitten",n
namibia,finning the shark that bit him,lacerations provoked incident,n
bermuda,foundering of the israeli freighter mezada,next day 2 bodies recovered from sharks,n
south africa,surfing,"left leg bitten, surgically amputated",n
usa,standing  wading,"lacerations on calf, ankle & heel",n
usa,surfing,puncture wounds on  right thigh,n
chile,free diving spearfishing,foot & ankle bitten,n
brazil,diving,nan,unknown
south africa,swimming,foot lacerated,n
australia,exercising his dog in the shallows,puncture wounds to foot,n
australia,nan,no details,unknown
usa,surfing,lacerations & punctures in left calf & ankle,n
brazil,spearfishing,left arm lacerated,n
usa,commercial spearfishing,3 small punctures in scalp & ripped nostril,n
south africa,swimming,probable drowning & scavenging by 15 m tiger shark,nan
australia,surf-skiing,"no injury, ski bitten",n
greece,"free diving  spearfishing,",minor injury,n
south africa,paddleskiing,"no injury, paddleski bitten",n
south africa,nan,probable drowning & scavenging,nan
reunion,spearfishing,bitten twice,n
australia,swimming,"right shoulder bitten, puncture wounds on chest & lacerations on his back",n
south africa,swimming,probable  drowning & scavenging,nan
brazil,swimming,fatal,y
usa,surfing,thigh lacerated,n
usa,surfing,no injury,n
mexico,diving in tuna net,fatal,y
usa,wading,laceration to leg,n
usa,wading,bitten behind knee & lower leg,n
usa,resting on body board,torso bitten,n
spain,skin diving,thigh injured,n
usa,body surfing,back bitten,n
usa,standing,"no injury, shark bit her bathing suit",n
usa,surfing,"no injury, bumped off board",n
usa,surfing,lower leg bitten,n
usa,scuba diving,laceration to lower leg   provoked incident,n
south africa,surfing,"no injury, board bitten",n
jamaica,spearfishing,hand bitten by speared shark provoked incident,n
philippines,sinking of the ferryboat don juan,fatal x 2,y
mexico,body surfing,right calf bitten,n
south africa,free diving,fatal,y
brazil,swimming,right leg bitten,n
philippines,sinking of the ferryboat bongbong 1,fatal,y
south africa,fishing,leg lacerated by netted shark provoked incident,n
south africa,body boarding,"both hands & heel of left foot lacerated, right foot severed",n
kenya,spearfishing,ankle & foot lacerated,n
south africa,spearfishing,"no injury, rammed & catapulted from the water by shark after he shot at it & missed provoked incident",n
south africa,swimming,abrasion,n
south africa,swimming,3 small punctures on arm,n
chile,hookah diving,fatal,y
north atlantic ocean,gaffing netted shark,arm lacerated by gaffed shark provoked incident,n
greece,surfing,knee bitten,nan
south africa,spearfishing,no injury; 2 m shark made threat display and impaled itself on spear,nan
tonga,spearfishing,chest bitten,n
south africa,swimming,shin lacerated,n
portugal,spearfishing,fatal,y
south china sea,diving,toothmarks on head & neck,n
usa,surfing,multiple major injuries,n
south africa,shark fishing,"no injury to occupants; hooked shark tore out part of transom, bit skeg of motor and snapped the steel trace provoked incident",n
south africa,fishing,bitten below right knee by hooked shark pulled onboard skiboat provoked incident,n
australia,scuba diving,leg bitten,n
hong kong,freedom swimming,"leg severed, fatal",y
hong kong,nan,fatal,y
usa,kayaking,lacerations to foot,n
thailand,murdered by thai pirates,fatal,y
usa,floating with life preserver after his boat foundered,lacerations to leg,n
usa,scuba diving,"fatal, but shark involvement prior to death was not determined",nan
south africa,spearfishing,shark rammed diver after he shot it in the head  provoked incident,n
south africa,scuba diving,"fatal presumed, pieces of shark-bitten wetsuit washed ashore but no body was recovered",y
new caledonia,fishing,"thigh severely injured, survived",n
new caledonia,nan,fatal,y
usa,swimming,right foot & ankle lacerated,n
usa,body surfing,right foot bitten,n
usa,surfing,foot & ankle bitten,n
usa,scuba diving submerged,"no injury, swim fin bitten",n
south africa,nan,no injury,n
new caledonia,spearfishing,"presumed fatal, body not recovered",y
south africa,"surfing, collided with shark",punctures on left thigh,n
usa,fishing,"fatal, disappeared while fishing from shore, divers recovered his hand",y
australia,nan,survived,n
south africa,spearfishing,"fatal, legs bitten",y
usa,surfing,left arm bitten,n
usa,surfing,hand lacerated,n
south africa,fishing,fatal or scavenging by 3 m tiger shark may have involved foul play,nan
south africa,spearfishing,"no injury, shark took his catch, then towed & pushed diver through the water",n
italy,diving,no injury,n
usa,nan,minor cuts to foot,n
australia,scuba diving for abalone,several broken ribs,n
usa,wading,punctures on leg minor injury,n
usa,floating on inner tube raft,minor injury to ankle,n
usa,"explosion destroyed 28' boat, survivors in the water","no injury, his foot was bumped by a shark biting the body of a passenger that had drowned",n
usa,fishing,laceration to leg by hooked shark  provoked incident,n
usa,surfing,foot bitten,n
usa,surfing,foot nipped,n
italy,nan,"no injury, white shark struck platform",nan
marshall islands,diving,laceration to left hand,n
marshall islands,diving,lacerations to right forearm,n
australia,scuba diving,thigh bitten,n
south africa,nan,"no injury to occupants; shark rammed boat 4 times, bit engine & cracked the hull",n
south africa,fishing for mackerel,"shark jumped in boat, but no injury to occupants",n
south africa,diving,"no injury, rammed by shark",n
south africa,surfing,"left leg, ankle & foot bitten",n
south africa,nan,"human head recovered from 3 m [10'] tiger shark’s gut, probable drowning  scavenging",nan
usa,surfing,foot bitten,n
vanuatu,swimming,fatal,y
usa,"swimming, after single-engine aircraft went down in the sea",feet lacerated,n
usa,surfing,laceration to right hand,n
south africa,surfing,"both legs bitten, 2 days later gangrene necessitated surgical amputation of left leg at mid-thigh",n
south africa,fishing for bottom fish,no injury to occupant: shark bit boat's port chine,n
south africa,standing,shark lacerated his hand when he grabbed it by the tail provoked incident,n
south africa,spearfishing,"no injury, shark bit speargun & pushed diver through the water",n
australia,surfing,"board rammed &  bitten, left thigh lacerated",n
australia,floating on an inflatable raft,"fatal, left arm severed, legs bitten",y
south africa,fishing,"shark leapt into boat, pinning mamacos beneath and fracturing his pelvis, then trashed the boat rendering it inoperable",n
usa,free diving for abalone surfacing,leg lacerated,n
usa,wading,lacerations to hip and leg,nan
usa,40' fishing boat sank,laceration to right hand,n
usa,spearfishing  scuba diving,"provoked incident    diver poked shark with spear, then shark bit his right foot",n
usa,collecting fish from net,lacerations to wrist,n
south africa,fishing for yellowtail,lombard's thigh was lacerated by shark that leapt into boat,n
australia,nan,"missing, believed taken by a shark",nan
australia,nan,survived,n
usa,swimming,arm bitten,n
south africa,swimming,right foot bitten,n
australia,"their 9 m launch was run down by a 25,000-ton japanese freighter  on the night of 3-11-1977 & they drifted, clinging to an icebox for 2 days","his feet were bitten by sharks, but he was rescued by a charter boat that arrived on the scene just an hour and 15 minutes after the sharks first appeared, too late to save the lives of hayes and beaver",n
australia,"their 9 m launch was run down by a 25,000-ton japanese freighter  on the night of 3-11-1977 & they drifted, clinging to an icebox for 2 days",fatal,y
australia,"their 9 m launch was run down by a 25,000-ton japanese freighter  on the night of 3-11-1977 & they drifted, clinging to an icebox for 2 days",fatal,y
australia,"pushed surfmat of a young girl out of the shark's path, drawing shark's attention to his own board","left hand, arm & leg lacerated, & shark bit chunk out of his surfboard",n
australia,nan,shark involvement prior to death was unconfirmed,nan
new caledonia,nan,face & thorax bitten,n
mexico,swimming,"fatal, left leg severed, neck cut",y
australia,nan,survived,n
usa,"diving for abalone hookah, submerged",buttocks & hip bitten,n
south africa,"thrashing the water  imitating the shark victim from ""jaws""",torso bitten,n
australia,nan,"missing, believed taken by a shark, but not confirmed",nan
usa,surfing,"right arm severed 1"" below elbow with extensive tissue loss 3"" above elbow",n
south africa,swimming,laceration to foot,nan
south africa,fishing for white shark,"no injury to occupants hooked shark bit boat's transom, provoked incident",n
south africa,boat,"no injury to occupants, shark leapt on bow of boat",n
usa,surfing,leg bitten,n
south africa,surfing,left thigh lacerated,n
new caledonia,shipwreck,it was believed that survivors were killed by sharks,n
australia,"skindiving,","right leg bitten below the knee, left ankle & foot lacerated",n
hong kong,"3,909-ton panamanian freighter chieh lee sank in a typhoon","fatal, right leg bitten",y
usa,swimming,fatal,y
usa,swimming,fatal,y
usa,surfing,laceration to left lower leg,n
usa,"surfing, fell off surfboard",right ankle & foot lacerated,n
usa,surfing,"no injury, board bitten",n
usa,spearfishing,lacerations to forearms,n
usa,playing,leg bitten,n
usa,scuba diving,"fatal, disappeared while diving, lower portion of body recovered",y
usa,spearfishing,"""lost part of a finger""",n
usa,skindiving,lacerations to right arm,n
usa,swimming,leg & foot bitten,n
italy,fishing,shark rammed boat provoked incident,n
australia,sitting in bow of her father's 5 m boat,"shark jumped in boat, hitting her in the face & knocking her unconscious",n
south africa,competing in a light tackle game fishing,"shark following hooked fish, rammed & holed boat",n
usa,nan,"possible drowning victim, remains retrieved from 400-lb shark caught by fishermen on 28-apr-1976",nan
usa,standing,lacerations to left leg,n
south africa,fishing,"no injury to occupants, shark buckled prop shaft",n
south africa,nan,shark breached hull of boat,n
south africa,nan,"shark leapt into boat, hitting fanie schoeman on his back before sliding into the sea",n
south africa,shark watching,"no injury to occupants, shark rammed bow, driving its head into the hull",n
south africa,shark fishing,"no injury to occupants, after shark was harpooned & shot, it holed the boat provoked incident",n
australia,nan,survived,n
south africa,fishing for snoek & yellowtail,"hooked shark leapt onboard & into fish well, which it smashed provoked incident",n
usa,spearfishing  scuba diving,puncture wounds to head & neck,n
new zealand,spearfishing,fatal,y
usa,scuba diving,"fatal, lost consciousness at depth of 180' large sharks seen near partial remains of body",y
australia,attempting to drive shark away from the beach,"no injury, shark charged & rammed boat several times",n
usa,scuba diving & spearfishing,leg bitten,n
australia,filming & feeding captive sharks,tooth mark in left elbow provoked incident,n
australia,standing,laceration to posterior thigh,n
south africa,standing,left foot lacerated,n
australia,nan,puncture wounds in hand,n
usa,surfing,foot bitten,n
usa,surf fishing,"""tooth marks"" in left leg",nan
australia,surfing,"cracked jaw & broken tooth, shark took chunk out of surfboard",n
usa,surfing,nan,nan
south africa,paddleskiing,right foot & ankle lacerated,n
south africa,surfing,left leg & surfboard bitten,n
usa,floating on a small orange raft,"calf bitten, leg surgically amputated below the knee  note: by late august, 3 more bathers had been bitten by sharks at daytona beach",n
usa,free diving for abalone,"shoulder, arm & hand lacerated",n
hong kong,freedom swimming,"leg bitten, surgically amputated",n
usa,sea disaster,"fatal, arms & legs bitten",y
australia,diving for abalone scuba,fatal,y
usa,free diving,forearms lacerated,n
australia,surfing,buttocks & leg bitten,n
usa,"diving for abaone scuba, but at surface",legs bitten,n
usa,diving for abalone hookah,"no injury, swim fin torn",n
usa,swimming,arm lacerated,n
australia,spearfishing,speared shark bit his arm  between elbow and shoulder provoked incident,n
usa,surfing,"foot bitten, tendons damaged",n
usa,swimming,lacerations to right foot,n
usa,standing,hand & wrist bitten,n
usa,swimming near his boat,left leg bitten,n
usa,surfing,"no injury, board bumped",n
usa,nan,slightly injured when he stepped on a shark provoked incident,n
usa,surfing,right foot bitten,n
usa,bathing,leg bitten,n
italy,scuba diving,the press reported this as an attack by a white shark but the diver was the agressor,nan
south africa,nan,probable drowning  scavenging,nan
south africa,spearfishing competition,"no injury, rammed by shark",n
south africa,swimming,probable drowning  scavenging by a white shark,nan
australia,nan,hand bitten,n
usa,floating in inner tube,left leg & foot bitten,n
australia,diving & force-feeding the shark,laceration to thigh by captive shark provoked incident,n
south africa,attempting to drag hooked shark ashore by its tail,left leg bitten  provoked incident,n
bangladesh,ferry capsized,"fatal, of 190 passengers & crew thrown into the water, 50 people were said to have been killed by sharks",y
south africa,surfing,foot severed,n
south africa,nan,shark bit rudder & hull,n
australia,swimming underwater from crayfish cage to a fishing bait,right leg  severed fatal,y
australia,crayfishing,puncture wounds to right shoulder,n
australia,nan,survived,n
south africa,fishing,foot bitten by shark he was gaffing  provoked incident,n
australia,surfing,"fatal, body not recovered",y
bermuda,spearfishing,laceration to right ankle,n
reunion,nan,fatal,y
australia,fishing,no injury to occupant,n
australia,nan,survived,n
usa,standing,laceration to foot,n
usa,surfing,"thigh, lower back and surfboard bitten",n
usa,diving for abalone hookah,major injuries,n
israel,swimming,"bitten 12 times: multiple lacerations on hands, arms, shoulder breast thigh, both legs, left forearm surgically amputated",n
usa,scuba diving but on surface,minor injuries to hand,n
usa,scuba diving but on surface,minor bite on foot & swimfin,n
australia,33 m fishing boat sank treveluwe & peter hodgson wearing lifejackets were drifting in the current,"missing, believed taken by a shark",n
usa,surfing,no injury,n
hong kong,freedom swimming,survived,n
hong kong,freedom swimming,fatal,y
hong kong,freedom swimming,arm broken & severely lacerated,n
hong kong,freedom swimming,left foot bitten,n
croatia,nan,foot severed fatal,y
usa,surfing,minor injuries to hand,n
usa,free diving for abalone submerged,minor bite on heel & swim fin bitten,n
usa,swimming,fatal,y
usa,adrift after the sinking of the motor yacht princess dianne,arm bitten fatal,y
usa,swimming,lacerations to hip and leg,n
usa,free diving but on surface,leg bitten,n
brazil,fishing boat swamped in a storm,fatal,y
south africa,spearfishing,left knee lacerated,n
south africa,standing,lower right leg lacerated,n
usa,swimming,foot bitten,n
south africa,surfing,right foot lacerated,n
south africa,surfing,"no injury, surfboard bitten",n
south africa,fishing for kob,"no injury to occupant, shark holed boat",n
south africa,swimming,"right calf removed, leg surgically amputated below the knee",n
south africa,swimming,right shin lacerated,n
south africa,fishing for red fish,"no injury to occupant, but  a shark chasing a hooked fish holed his boat above the waterline",n
south africa,fishing for kob,"no injury,  shark leapt into boat & bit one of the boat's seats",n
south africa,sitting,2 minor lacerations in foot,n
australia,diving for abalone,"fatal, right leg severed",y
south africa,swimming,knee & calf lacerated,n
mozambique,swimming,fatal,y
mozambique,swimming,fatal,y
australia,spearfishing,8 to 10 puncture marks around knee,n
croatia,nan,fatal,y
mozambique,spearfishing,"right leg severed at knee, abrasion on left ankle",n
mozambique,swimming,fatal,y
philippines,swimming,fatal,y
usa,swimming,leg bitten,n
mexico,swimming alongside yacht mexico fiesta,fatal,y
australia,nan,survived,n
usa,surfing,foot bitten,n
australia,nan,knee lacerated,n
south africa,being pulled to shore from wreck of 25-ton fishing vessel alan s,"fatal, thigh bitten",y
bahamas,"free diving, spearfishing",left hand & forearm lacerated,n
hong kong,freedom swimming,fatal,y
mexico,"free diving, spearfishing","fatal, leg bitten",y
egypt,nan,massive wound on right thigh with femur exposed,n
australia,nan,nan,unknown
australia,surfing,right foot severed,n
usa,crabbing spearing crabs,elbow bitten,n
hong kong,freedom swimming,"one man was killed by a shark, the other was injured",n
mexico,wading,"fatal, multiple bites",y
australia,nan,survived,n
mozambique,spearfishing,fatal,y
south africa,spearfishing,hip bruised,n
mexico,swimming,"fatal, multiple bites",y
south africa,fishing from paddleski,hooked & gaffed shark bit his right elbow provoked incident,n
usa,surfing,leg bitten,n
palau,scuba diving submerged,"no injury, shark grabbed scuba tank and descended to 110' before releasing him",n
palau,scuba diving & uw photography,hand & right shoulder lacerated,n
south africa,surfing,"no injury, surboard flung into air & dented",n
south africa,treading water,lower left leg & foot bitten,n
mozambique,swimming,"hip, leg, arm, hand & shoulder bitten",n
mexico,body surfing,"fatal, hand severed, right leg and torso bitten",y
south africa,swimming,"no injury, swim fin bitten",n
australia,nan,hand bitten,n
australia,nan,provoked incident,n
reunion,spearfishing,fatal,y
australia,spearfishing,right arm bitten,n
australia,surfing,lacerations to thigh & buttocks,n
usa,scuba diving,"fatal, body not recovered",y
usa,surfing,survived,n
new zealand,swimming,"no injury, leg of jeans torn off",n
usa,surfing,legs & board bitten,n
mozambique,swimming,feet injured,nan
usa,surfing,left calf bitten,n
usa,spearfishing,forearm bitten,n
australia,diving for abalone,left foot bitten,n
usa,diving,sharks reportedly bit legs & fins,nan
australia,nan,fatal,y
australia,nan,fatal,y
usa,surfing,buttocks bitten,n
usa,free diving for abalone,bitten on legs & buttock,n
french polynesia,spearfishing,thigh bitten,n
western samoa,swimming,fatal,y
australia,nan,left leg bitten,n
mozambique,swimming,fatal,y
pacific ocean,fishing,arm bitten by hooked shark provoked incident,n
usa,spearfishing,leg bitten,n
australia,surfing,laceration above knee,n
australia,nan,survived,n
south africa,swimming,"fatal, coroner's verdict: ""death presumably through shark attack & drowning""",y
south africa,sitting in shallows,foot bitten,n
mozambique,standing,"leg severed at knee,  hand severed, arms, torso & buttock severely lacerated",n
mozambique,spearfishing,puncture wounds to arm,n
france,swimming,shoulder injured,n
marshall islands,"free diving, collecting shells",right hand & torso lacerated,n
australia,nan,survived,n
south africa,swimming,right forearm bitten,n
australia,nan,fatal,y
hong kong,freedom swimming,"left leg severely bitten, surgically amputated",n
australia,nan,provoked incident,n
usa,surfing,"right shoulder, arm & hand bitten",n
south africa,swimming,wrist & hand lacerated,n
usa,scuba diving,bitten on legs,n
usa,surfing,left foot injured,n
croatia,swimming,fatal,y
australia,fishing,"fatal shark bite was minor injury, but he suffered a heart attack afterwards and died 6 hours later",y
australia,scuba diving & feeding fish,eight puncture wounds to right leg by captive shark provoked incident,n
usa,wading,laceration to left ankle,n
usa,hookah diving submerged,"major injuries to head, buttocks & back",n
south africa,surfing,leg & surfboard bitten,n
british isles,scuba diving,"no injury, said to have been attacked by shark but drove it away with a lobster hook",n
kenya,swimming,right foot bitten,n
south africa,swimming,"fatal, multiple bites",y
mexico,surfing,"fatal, left thigh bitten",y
venezuela,nan,"fatal, body not recovered",y
venezuela,nan,"fatal, body not recovered",y
mozambique,wreck of the 1689-ton portuguese  coaster angoche,"fatal, it was  thought  the surviving crew  were taken by sharks",y
new zealand,surfing,lacerations to left leg,n
australia,swimming,torso lacerated,n
usa,free diving,"minor injury, arc of tooth impressions in wetsuit",n
australia,surfing,severe lacerations to thigh,n
croatia,swimming,fatal,nan
iran,nan,survived,n
iran,nan,survived,n
mozambique,fishing for prawns,"fatal, arm severed",y
mozambique,fishing for prawns,"fatal, decapitated and arm severed",y
micronesia,fishing,laceration to thigh,n
usa,shipwreck,right thigh lacerated,n
nan,nan,extensive injuries,n
usa,body surfing,shoulder & arm bitten,n
usa,surfing,bitten on right leg above the ankle,n
micronesia,diving,lacerations & punctures to right arm & shoulder,n
palau,spearfishing,"another diver shot shark, shark bit his left foream  provoked incident",n
usa,floating on a raft,laceration to left foot,n
australia,nan,provoked incident,n
usa,swimming,foot lacerated,n
usa,scuba diving,calf  knee injured,n
nan,sea disaster sinking of ferryboat christina,"sharks scavenged on bodies, but no record of them injuring survivors",nan
nan,nan,finger or toe severed,n
usa,fishing,bitten on calf by hooked shark provoked incident,n
south africa,scuba diving,2 cm laceration on knee provoked incident,n
grenada,wading,"fatal, multiple injuries to both legs",y
grenada,wading,"fatal, body not recovered",y
philippines,motor launch baby princesa capsized with 22 people on board,"2 people survived, 6 drowned & the others were killed by sharks",y
grenada,swimming,"fatal, body not recovered",y
nan,freediving,arm abraded & lacerated recorded as provoked incident,n
solomon islands,swimming,no details,unknown
usa,body surfing,"swept out to sea,  55 m [18'] shark seen in the vicinity, body not recovered",nan
usa,wading,foot & calf lacerated,n
nan,wading,lacerations to lower leg,n
mozambique,swimming,"hands severed, forearm severely lacerated",n
mozambique,swimming,leg severed at knee,n
mozambique,swimming,"arm severed, thigh bitten",n
mozambique,swimming,leg severed at knee,n
egypt,air disaster,fatal,y
mexico,swimming,leg bitten,n
england,attempted to return injured shark to the sea,leg bitten,n
papua new guinea,freediving,lacerations to back,n
sri lanka,spearfishing  freediving,swim fins badly torn by the shark's teeth,n
spain,spearfishing,minor injury,n
italy,fishing on a boat,no injury,n
croatia,spearfishing,no details,unknown
iraq,washing cooking pans,left hand severed,n
iraq,washing clothes on stairs,left foot severed,n
iraq,swimming,"fatal, left leg severed",y
iraq,"fishing, trying to catch the end of his fishing line",left hand bitten,n
australia,swimming,left thigh lacerated,n
usa,scuba diving for lobsters,"abrasions to upper leg, laceration to ankle, scuba tank bitten",n
australia,nan,provoked incident,n
usa,diving,no injury,n
usa,free diving for abalone,leg & ankle severely bitten,n
usa,floating on his back,laceration to right leg,n
usa,fishing,leg bitten by netted shark provoked incident,n
usa,surfing,lacerations to lower leg,n
usa,body surfing,lacerations to right lower leg & left arm and hand,n
nan,nan,am lacerated,n
england,nan,arm lacerated recorded as provoked incident,n
usa,nan,scrape on head recorded as provoked incident,n
usa,free diving for abalone but at surface,"foot bitten, minor injury",n
usa,wading,no details,unknown
jamaica,diving,multiple lacerations,n
usa,wading,no injury,n
usa,surf-fishing,foot lacerated when he stepped on the shark  provoked incident,n
usa,diving,laceration to buttocks recorded as provoked incident,n
dominican republic,surfing,nan,unknown
australia,nan,survived,n
australia,netting pilchards,no injury,nan
usa,fishing,laceration to foot from dead shark provoked incident,n
australia,nan,foot lacerated recorded as provoked incident,n
usa,surfing,leg & surfboard bitten,n
australia,fishing,lacerations to hand from hooked shark provoked incident,n
australia,hard hat diving,no details,nan
australia,freediving,abrasions and lacerations to lower right leg,n
australia,nan,minor injury,n
bahamas,sight-seeing,"no injury to occupants, shark grabbed prop, leodorn hit shark with oar, shark bit oar in half provoked incident",n
south africa,freediving,no injury,nan
australia,feeding mullet to sharks,laceration to finger by a captive shark provoked incident,n
new zealand,surfing,"hit in face by shark, arm abraded, surfboard bitten",n
australia,nan,survived,n
south africa,spearfishing,"no injury, left elbow & torso bumped by sharks",n
south africa,nan,no injury,nan
south africa,fishing,"shark leapt into boat, landed on hlope's back, then bit his left forearm",n
papua new guinea,wreck of the storm king,remains recovered days later from shark,nan
australia,nan,abrasion on shoulder recorded as provoked incident,n
bahamas,nan,calf injured recorded as provoked incident,n
usa,spearfishing using scuba,swim fin bitten,n
philippines,sinking of the ferryboat dumaguete,survived,n
usa,surfing,nan,nan
new zealand,spearfishing,"fatal, left leg bitten, femoral artery severed",y
usa,playing with a frisbee in the shallows,"shark bumped colleen, the nudged scott, then bit frisbee & swam away with it",n
usa,standing,leg & arm bitten,n
french polynesia,swimming,finger severed,n
malaysia,leaving the water,hand lacerated,n
columbia,dynamite fishing,lacerations to head,n
usa,free diving,major injury to torso,n
usa,wading,abrasions on lower leg,n
usa,spearfishing using scuba,swimfin & knee bitten,n
bahamas,small boat with 2 men onboard hit a submerged coral formation men began swimming to shore,"fatal, taken by shark",y
mexico,nan,no injury,nan
bahamas,spearfishing,"bumped shoulder, bit head",n
usa,clamming,lacerations to lower right leg & andkle,n
england,nan,arm severely lacerated,n
tanzania,schooner sank during a storm,"6 people rescued, 3 shark-scavenged bodies recovered, 14 people lost",nan
papua new guinea,standing,lower leg severely lacerated,n
usa,wading,foot severely injured,nan
usa,nan,"buttock, both legs & arm bitten",n
australia,"diving shark “swallowed’ his hand, so he threw his other around the shark and went “shark-back riding” for 30 yards until the shark opened its jaws",hand lacerated,n
papua new guinea,swimming,fatal laceration to chest,y
australia,nan,foot lacerated recorded as provoked incident,n
south africa,wading & pushing dinghy toward  the shallows,left thigh lacerated,n
usa,surfing,foot lacerated,n
usa,treading water,no injury,nan
usa,surfing,foot lacerated,n
australia,swimming,thigh lacerated,n
new zealand,picking up shark by the tail,wrist bitten provoked incident,n
australia,spearfishing,"no injury, speargun bitten",n
australia,nan,survived,n
mozambique,diving,no injury,n
papua new guinea,swimming,fatal,y
costa rica,swimming after his canoe capsized,fatal,y
usa,diving,"recovered, said to involve a 1m nurse shark",nan
usa,surfing,nan,nan
south africa,surfing,right ankle & foot bitten,n
papua new guinea,spearfishing,no injury,nan
fiji,nan,arm lacerated,n
australia,swimming,"fatal, presumed taken by a shark, body not recovered",y
usa,nan,"head, shoulder, arm lacerated recorded as provoked incident",n
australia,freediving,recorded as provoked incident,n
australia,nan,arm lacerated,n
fiji,freediving,hand lacerated by speared shark provoked incident,n
philippines,sinking of the mv mindoro during a typhoon,passengers taken by sharks,y
south africa,nan,"bones and brightly colored bangles recovered  335 m, 1455-kg tiger shark’s gut",nan
mexico,swimming,fatal,y
usa,standing on sandbar,left foot bitten,n
tonga,swimming,arm & leg bitten,n
usa,boat capsized between o'ahu & molokai,remains found in a 34 m 11' tiger shark probable drowning & scavenging,nan
italy,scuba diving,"diver shot the shark, then it injured his arm and broke his leg with its tail  provoked incident",nan
papua new guinea,diving,"no details, listed as provoked incident",unknown
usa,spearfishing,survived,n
papua new guinea,spearfishing,fatal,y
papua new guinea,spearfishing,fatal,y
usa,pulling shark from the water,nipped on shoulder by captive shark provoked incident,n
japan,nan,fatal,y
italy,spearfishing on scuba,minor injuries to face & forearm,n
australia,"spearfishing, dived to pick up a float line","fatal, ""bitten in two""",y
bermuda,floating,right foot abraded & lacerated,n
columbia,nan,3 fingers were bitten by a shark,n
australia,anti-sabotage night dive exercise alongside destroyer scuba diving,"disappeared, no trace of men or equipment, shark attack considered",nan
usa,spearfishing,shark grasped thigh,n
bahamas,photographing sharks underwater using scuba,"no injury, shark struck camera",n
senegal,beach seine netting,ankle bitten,n
usa,snorkeling,foot lacerated,n
turkey,spearfishing,fatal,y
usa,surfing,incident not confirmed,nan
usa,spearfishing,"after shark was speared & hit on head, it bit the diver’s foot  provoked incident",n
italy,fishing boat,"no injury to occupants,  harpooned shark sank boat provoked incident",n
australia,nan,thigh abraded & lacerated recorded as provoked incident,n
australia,feeding a shark,recorded as provoked incident,n
united kingdom,fishing,tooth knocked out by hooked shark provoked incident,n
new zealand,freediving,abrasions to lower leg recorded as provoked incident,n
south africa,spearfishing,"punctures in right buttock & thigh, abrasion on right forearm",n
australia,spearfishing,speared shark lacerated his arm provoked incident,n
australia,vehicle plunged over cliff into the water,"fatal or scavenging by ""a pack of sharks""",nan
new zealand,lifesaving drill,"fatal, seen taken by a shark",y
papua new guinea,nan,leg bitten,n
mexico,the shrimper loless maurine capsized in heavy seas & the men were swimming ashore,fatal,y
south africa,fishing for rock lobster,"holed & sank boat, 1 man flung into water but ignored by the shark",n
south africa,spearfishing competition,"no injury, shark bit support boat, removing pieces of wood after gerricke shot it  provoked incident",n
mozambique,swimming in the channel,right leg severely lacerated,n
australia,splashing,foot bitten when he kicked shark provoked incident,n
australia,fishing,"6"" laceration to left forearm",n
australia,spearfishing,the shark bit the diver's leg after he shot it  provoked incident,n
australia,spearfishing,right hand lacerated,n
singapore,wading,thigh bitten,n
australia,spearfishing,right leg bitten,n
thailand,nan,no details,unknown
papua new guinea,a father bathing his smallest daughter when the shark bumped her out of his arms and carried her into deep water,fatal,y
papua new guinea,swimming,fatal,y
papua new guinea,bathing,fatal,y
australia,"free diving, carrying speargun",shoulder lacerated,n
usa,fishing,left elbow or hand bitten provoked incident,n
australia,spearfishing,"the 29 m [95'] shark never made contact with him no attack, no injury",nan
australia,spearfishing,involved a speared shark but no other details provoked incident,unknown
australia,spearfishing,no injury,n
usa,hunting crayfish,abdomen abraded when he seized shark provoked incident,n
bahamas,diving  uw photography,"24 to 3 m [8' to 10'] oceanic whitetip shark  buzzed him no attack, no injury",nan
australia,nan,"no injury to occupant shark struck vessel, jamming centreboard",n
south africa,netting sharks,"no attack, no injury to occupant: a 400-lb grey shark bit nets in the water",nan
bahamas,snorkeling,"survived, no details",n
new britain,swimming,fatal,y
new britain,diving into water,fatal,y
croatia,swimming,fatal,y
taiwan,lobster diving using scuba,"no injury, but shark struck his calf",n
italy,attacked shark with fists,arm lacerated,n
usa,spearfishing on scuba,"no attack, no injury, shark took speared fish & approached diver closely",nan
usa,wading,"no injury, mother lifted him from the water",n
usa,diving for sand dollars,dorsum of right foot grazed,n
usa,killing a shark,"arm bitten, provoked incident",n
usa,fishing,lacerations to right foot,n
taiwan,swimming,"fatal, left leg severed",y
papua new guinea,swimming,fatal,y
usa,free diving,no injury a 11 m [35'] blacktip shark shark made a threat display & bit gig,nan
caribbean sea,nan,"no injury to occupants, sharks bit chunks from boat",n
usa,clamming,3 lacerations on  right leg by speared fish provoked incident,n
usa,fishing,hand & forearm bitten by hooked shark provoked incident,n
usa,swimming,punctures on  thigh & buttock,n
french polynesia,fishing,arm lacerated by netted shark provoked incident,n
australia,sinking of the dredge world atlas,fatal,y
australia,fishing,foot bitten,n
australia,shipwreck,"fatal, other human remains bitten by sharks, 13 people missing",y
usa,spearfishing  scuba diving,"white shark, 37 m [12']  made threat display no injury, no attack",nan
philippines,the passenger ship pioneer cebu  capsized & sank in typhoon irma,130 perished; 136 survived  including a man whose foot was severed by a shark,y
usa,swimming,foot lacerated,n
australia,overturned skiff,survived,n
australia,fishing big game,"no injury to occupants, hooked shark rammed boat, provoked incident",n
sudan,"the world liberty and the tanker mosli collided the  halcyon breeze sent a lifeboat to the rescue, but it was smashed, throwing 6 men in the  water",fatal,y
australia,treading water,"left leg & lower right leg bitten, taken ashore with shark still grasping his leg",n
south africa,helping men land a shark,left leg lacerated by hooked shark  provoked incident,n
indonesia,wreck of the state oil company ship permina,sharks said to have killed some of the 80 people lost,y
usa,free diving  spearfishing resting on the surface,"hand, arm & thigh bitten",n
australia,spearfishing,buttocks bitten,n
columbia,colombian  avianca dc-4 airliner plunged into the sea 5 minutes after takeoff,"10 survived, 51 perished",y
south africa,standing,right calf lacerated,n
australia,jumped into the water,"lower leg nipped, arm bruised when he landed in boat",n
south africa,body surfing,lower legs bitten,n
new zealand,body surfing,"fatal, left leg bitten thigh to calf",y
usa,swimming,thigh gashed,n
usa,walking,minor lacerations & abrasions to lower leg,nan
australia,"spearfishing, but standing in knee-deep water",thigh & swim fin bitten,n
johnston island,freediving,no injury,n
australia,fishing,no injury to occupants shark  gouged planks of boat,n
australia,fishing from 34' boat when pulled overboard by hooked shark,fatal provoked incident,y
pacific ocean,"hauling dead shark aboard, when another shark leapt out of the water & bit him","left forearm bitten, surgically amputated",n
panama,argentine air force c-54,2 life preservers had been bitten by sharks,nan
australia,surfing,puncture wounds to right thigh,n
nan,the boat caribou ii sank,survived,n
bahamas,sunbathing on beach when he saw child being attacked by the shark,right arm & right leg bitten,n
bahamas,playing in the water,fatal,y
new britain,"spearfishing, shot a turtle",fatal,y
papua new guinea,wading,toe severed,n
papua new guinea,spearing fish,"minor injury, speared shark lacerated his kneecap & leg provoked incident",n
papua new guinea,fishing rod & line,leg & hand bitten by shark that had been speared by another fisherman provoked incident,n
mexico,nan,leg & arm bitten,n
philippines,"arsinoe, a french tanker","one man was lost, but he may have drowned",nan
usa,swimming,right thigh lacerated,n
bahamas,attempting to anesthetize shark,chest bitten provoked incident,n
mexico,bathing,"fatal, both legs severed",y
bermuda,nan,"no injury to occupant, shark bit boat",n
usa,wading,parallel lacerations on right calf thought to be a barracuda bite,nan
usa,"diving, retrieving film package from titan 3c rocket","no injury, chased by 46 m [15'] oceanic whitetip sharks",nan
mexico,swimming,"right forearm severed, right leg bitten and surgically amputated",n
papua new guinea,spearfishing,minor injury,n
south pacific ocean,treading water,"fatal, body not recovered",y
mexico,swimming,"fatal, left leg & right arm severed",y
mexico,swimming,"fatal, left arm & right leg severed",y
egypt,standing,leg bitten,n
jamaica,diving,minor injury,n
mexico,swimming,"right arm severed, right leg bitten, not known if he survived",n
usa,nan,"thighs abraded, puncture wounds in dorsal surface of left hand",n
usa,surfing,drowned & his body was not recovered sharks seen in area later that day but no shark involvement in surfer's death,nan
usa,spearfishing,left hand severely lacerated,n
palau,walking on reef,right leg bitten,n
usa,paddling on surfboard,left hand punctured & lacerated,n
usa,aircraft exploded,"all 16 onboard perished, recovery efforts hampered by sharks",nan
usa,free diving,survived,n
south africa,treading water,"abdomen, buttock, thigh, arm & hand bitten",n
usa,scuba diving,punctures on left thigh,n
usa,motor boat rebel belle lost,"puncture marks on chest may have been post mortem, 4 other bodies in area were undamaged",nan
south africa,paddling rescue ski,"no injury, ski bitten",n
south africa,body surfing,right thigh punctured,n
australia,swimming,thigh gashed,n
new guinea,free diving,fatal,y
usa,dangling feet in the water,foot bitten,n
usa,surfing,puncture wounds to foot when he stepped on a shark    provoked incident,n
usa,collecting marine specimens,"no injury, shark tore his wetsuit after he grabbed it by the tail  provoked incident",n
red sea,standing in waist-deep water,leg bitten three times,n
egypt,"spearfishing, but standing in the water",ankle and thigh bitten; shark made three strikes,n
vanuatu,nan,fatal said to have been killed by sorcerers that turned themselves into sharks the alleged sorcerers were taken into custody by authorities but released  due to lack of evidence,y
south africa,bather,no details,nan
south africa,swimming,"hand, ankle & calf lacerated",n
papua new guinea,nan,thigh severely lacerated,n
australia,fishing,"no injury to occupants, shark rammed boat, bit planks & sheared off copper rivet at stern of boat",n
papua new guinea,"canoe swamped, swimming back to canoe",survived,n
kenya,fishing with hand line tied to wrist & was pulled into the water,fatal,y
australia,free diving with seals,left leg severed,n
australia,swimming out to rescue swimmers in difficulty,fatal,y
australia,"filming underwater, carrying powerhead","shark made threat display, then diver hit it with powerhead provoked incident",n
usa,longline fishing,"no injury to occupant, shark bit propeller of outboard motor",n
south africa,surf fishing,right leg bitten  while attempting to gaff hooked shark provoked incident,n
usa,boat miss becky  sank 12 miles from shore,"no injury to occupants, drove sharks away with paddles",nan
australia,"surfing, but swimming to his board",abrasions & 11 teethmarks on right lower leg,n
nan,spearfishing,"disappeared, probable drowning but sharks in area led to speculation that he was taken by a shark",nan
taiwan,swimming,fatal,y
taiwan,swimming,right thigh &  elbow bitten,n
usa,swimming,bruised & abraded ankle,n
mexico,floating on his back in an inner tube,right thigh bitten,n
usa,spearfishing  free diving,3 m to 37 m [10' to 12']  great hammerhead shark shark only made a threat display no injury,nan
usa,swimming,"no injury,  bumped repeatedly",n
usa,spearfishing using scuba,"no injury, shark hit scuba tank",n
japan,swimming,"leg bitten, surgically amputated",n
panama,free diving  spearfishingat edge of reef,foot lacerated,n
usa,nan,arm lacerated by speared shark provoked incident,n
south africa,searching for remains of  dr marais,"no injury, shark charged & impaled itself on spear",n
usa,"yacht gooney bird foundered, 4 survivors on raft","no injury, no attack; sharks ate their food tied to a line over the side of the raft",nan
south africa,spearfishing,fatal,y
usa,tagging sharks,"no injury to occupant, hooked shark rammed & bit boat provoked incident",n
papua new guinea,standing  fishing,"fatal, leg severed",y
papua new guinea,canoeing,"no injury to occupant, canoe struck several times by shark",n
bermuda,conducting a promotional film project for the gemini space program a practice astronaut recovery,"7 rescued, 7 bodies recovered, 10 missing many sharks in crash area",y
usa,attempting to swim across the atlantic ocean,"disappeared, probable drowning but sharks in area led to speculation that she was taken by a shark",nan
usa,fishing,"no injury to occupants, shark crashed through windshield of boat",n
papua new guinea,fishing,"no injury to occupant, shark lifted canoe's outrigger",n
fiji,spearfishing,buttocks bitten,n
south africa,swimming,"skeletonized, except for head & feet possibly a drowning  scavenging",nan
panama,standing,no injury,n
fiji,spearfishing,"fatal, buttocks, lower abdomen & genitalia removed",y
panama,skin diving,"fatal, torso  abdomen severely bitten",y
papua new guinea,fishing,fatal,y
australia,surfing,left thigh lacerated,n
papua new guinea,"canoe capsized with 10 occupants, 8 survived,  hamilton swam off to seek help",presumed fatal,y
usa,skin diving,"minor injury, abdomen abraded when he collided with the shark",n
senegal,free diving for shell,thigh & hand bitten,n
fiji,fishing,hooked shark bit boat provoked incident,n
new caledonia,diving for trochus shell,"fatal, foot & part of other leg severed",y
fiji,spearfishing,"fatal, thigh and abdomen bitten",y
new zealand,preparing to go skin diving,hand lacerated,n
new zealand,spearfishing,"no injury to diver, shark bit speargun",n
south africa,body boarding,right ankle lacerated,n
new zealand,lying in 2 feet of water,right leg & shoulder lacerated,n
new zealand,swimming,"fatal, both legs bitten & right leg severed at knee",y
australia,swimming,body not recovered   may have drowned prior to shark involvement,nan
new zealand,rowing,"no injury to occupants , shark nudged oars",n
usa,floating,no injury,n
costa rica,swimming,"fatal, right arm & left thigh bitten",y
fiji,spearfishing,fatal,y
south africa,body surfing,heel & ankle bitten,n
south africa,standing,heel bitten,n
south africa,shark watching,"no injury to occupants, shark holed  boat",n
australia,freediving,arm lacerated,n
usa,spearfishing  scuba diving at surface,leg & thigh bitten,n
papua new guinea,fishing,fatal,y
fiji,swimming,deep lacerations to her right thigh,n
australia,nan,nan,unknown
south africa,diving for sinkers,lacerations and puncture wounds in right arm,n
new zealand,snorkeling,no injury,nan
south africa,standing,"right hand & foot severed, thigh & buttock lacerated",n
south africa,swimming,"lower leg bitten & foot severed, leg surgically amputated below knee",n
australia,sitting on gunwale of boat,"no injury, shark's tail struck his armpit",n
south africa,swimming,"fatal, shoulders, arms, abdomen & foot bitten",y
atlantic ocean,"greek steamship lakonia caught fire, 98 of her 646 passengers, and 30 of her crew of 376 perished","one woman reported to have suffered fish bites, but cause of her death was exposure & drowning""",nan
south africa,helping friend land hooked shark,foot lacerated  provoked incident,n
australia,fishing,7 puncture wounds in right forearm from hooked shark provoked incident,n
south africa,spearfishing,foot lacerated,n
south africa,splashing in surf,"fatal, arm severed, leg bitten",y
australia,spearfishing,torso & hand lacerated,n
new britain,spearfishing,"fatal, leg severely bitten",y
new zealand,treading water while alongside capsized yacht,hand & lower leg severely injured,n
papua new guinea,fishing  standing in waist deep water,left arm lacerated  provoked incident,n
fiji,fishing,elbow bitten,n
fiji,spearing fish,ankle & foot bitten,n
italy,spearfishing,no injury,n
australia,catching sharks under government contract,"no injury to occupant, netted shark rammed & bit boat provoked incident",n
usa,testing anti-shark cage,no injury provoked incident,n
papua new guinea,wading,thigh lacerated,n
palau,fishing,left calf lacerated,n
usa,"surf fishing, wading","right thigh &  foot bruised, right calf  lacerated",n
north pacific ocean,fishing for sharks,"right hand lacerated, provoked incident",n
chile,spearfishing  free diving,fatal,y
usa,"commercial fishing vessel, ev-nn, struck object & sank ken crosby and  jame & ann dumas adrift on makeshift raft",numerous dusky sharks & a 3 m to 46 m [10' to 15']  tiger sharks tried to overturn raft and one took mrs dumas' body; scavenging by sharks,nan
solomon islands,spearing fish,"fatal, right thigh, calf & foot bitten",y
australia,surfing,"a ""dead"" shark grabbed by the tail bit his right torso provoked incident",n
usa,"spearfishing, pulled shark’s tail",minor injury to left forearm  provoked incident,n
dominican republic,"swimming, when caught in heavy seas","fatal eyewitness said, ""one was thrown in the air like a basketball, and while in the air another shark took a bite out of his belly""",y
federated states of micronesia,spearfishing,upper left arm bitten,n
usa,bathing,"left forearm bitten, surgically amputated",n
usa,"fishing, on charter boat silver dollar","cuts on right hand, provoked incident",n
jamaica,63' fishing boat sno' bay foundered,no survivors & a body sighted could not be recovered because of sharks,y
panama,"seining for bait, standing in chest-deep water","fatal, foot nearly severed",y
greece,swimming,fatal,y
papua new guinea,fishing,"hooked shark bit his nose, arm and leg provoked incident",n
usa,swimming,3 lacerations below right knee,nan
philippines,"boat, with 42 passengers onboard, capsized in rough seas","of the 42 people on board, 5 died of exposure, others drowned or were taken by sharks survivors were rescued after spending 3 days in the water",y
australia,fishing,foot lacerated by netted shark provoked incident,n
usa,swimming,"fatal, hand severed, shoulder, hip, foot, thigh bitten & femoral artery severed",y
south africa,swimming,buttock bitten,n
australia,"surfing on ""chest board"" boogie board",arm bitten,n
usa,surfing,left foot & leg bitten,n
usa,washed into sea while picking opihi,"may have drowned prior to shark involvement, partial remains recovered",nan
solomon islands,the 500-ton coastal trader polurrian foundered,fatal,y
papua new guinea,swimming,right shoulder bitten,n
australia,spearfishing,left leg lacerated,n
fiji,spearfishing,left arm bitten,n
mauritius,nan,laceration to right forearm,n
usa,"ss marine sulphur queen, laden with molten sulphur was bound from beaumont, texas for norfolk, va, when she disappeared with 39 on board",two shark-bitten lifejackets were recovered leading to speculation that sharks took at least 2 of the 39 missing crewmen,nan
fiji,freediving,hand & arm severely lacerated,n
australia,wading,"fatal, right femoral artery severed, thigh, calf, buttock & left hand bitten",y
australia,swimming,"9' shark in area when he disappeared, body not recovered",nan
south africa,fishing,"no injury to occupant, shark leapt inside boat",n
new zealand,fishing,minor lacerations to hand and arm after he seized the shark's tail provoked incident,n
south africa,fishing,foot bitten by shark hooked & taken on boat  provoked incident,n
south africa,"free diving, hunting crayfish",lacerations & punctures on left  forearm,n
south africa,spearfishing,lacerations to right  arm,n
australia,shark fishing,no injury to occupants; hooked shark slammed into side of boat provoked incident,n
mozambique,nan,"no injury to occupant shark tore chunk from canoe, then bumped 2 other canoes",n
fiji,nan,no details,unknown
seychelles,fishing for turtles,fatal,y
south africa,scuba diving,captive shark bit air hose & minor lacerations on diver's cheek provoked incident,n
australia,spearfishing,"fatal, right leg bitten thigh to calf",y
south africa,fishing,"no injury to occupants, shark jumped onboard, knocking 2 anglers onto the deck",n
australia,"spearfishing, scuba diving","no injury, shark bit spear & dragged diver 90'",n
australia,nan,"skeletonized, except for head & feet possible drowning  scavenging",nan
usa,spearfishing  scuba diving at surface,"arm, hand, buttock, leg and thigh bitten",n
australia,fishing,no injury to occupants shark rammed boat as they were pulling in a flathead,n
mid atlantic ocean,abandoning burning ship captain george in raging seas,"no injury, shark bit his boot",n
south africa,spearfishing,arm lacerated minor injury,n
mexico,wading,"fatal, both legs bitten",y
admiralty islands,nan,facial lacerations,n
australia,adrift after wave swamped engine,"no injury to occupant, shark ""nibbled"" at boat",n
usa,"overcome by co fumes, fell overboard from 36' fishing cruiser & prop slashed arm",drowned due to co2 poisoning - post mortem scavanging by blue shark,nan
panama,sitting in shallows,"fatal, body not recovered",y
british west indies,spearfishing,left thigh & hand & speargun bitten,n
mexico,swimming,"left arm severely bitten, surgically amputated",n
south atlantic ocean,"when  a deckhand  jumped overboard, mciver dived after him with a rescue line","fatal, he died within minutes of being hauled back onboard the stirling castle",y
italy,spearfishing with scuba gear,"fatal, multiple injuries to both legs",y
israel,fishing,"details unknown, possibly a provoked incident",unknown
turkey,nan,no injury,n
papua new guinea,fishing,posterior lower left leg lacerated by netted shark provoked incident,n
usa,diving for abalone,"struck shark with abalone bar to scare it away from abalone, but shark bit his shoulder  provoked incident",n
usa,nan,"no injury to occupants, sharks tore max butcher's life jacket & pants",n
south africa,fishing,"no injury to occupants, shark hit boat, lifting it from the water, bit & dented propeller",n
usa,surf fishing in waist-deep water,"fatal, lower right leg bitten",y
usa,standing,left thigh & hand bitten,n
papua new guinea,spearfishing,"fatal, right thigh severely bitten, right ankle lacerated",y
italy,diving,no injury,n
senegal,beach seine netting,ankle bitten,n
usa,standing,lacerations on left foot & hand,n
madagascar,finning the shark,right calf lacerated by boated shark provoked incident,n
usa,fishing for albacore,"2 lacerations on left hand by hooked shark, provoked incident",n
usa,playing in surf with his child  9,"cuts on fingers, hand & wrist",n
usa,dived from inner-tube,laceration on hand,n
greece,nan,no injury,nan
usa,us airforce crewman reported missing after bailing out of jet,fatal,nan
south africa,"on a ""shark hunt""","no injury to occupants, shark charged boat, then 2 more sharks hit boat, oar grabbed, boat finally drifted ashore at 02h00",n
usa,rolled off raft,"8"" laceration on left calf",n
usa,escaping from alacatraz,2 toes bitten off,n
usa,escaping from alacatraz,"fatal, but shark involvement uncomfirmed death may have been due to drowning",y
usa,escaping from alacatraz,"fatal, but shark involvement uncomfirmed death may have been due to drowning",y
papua new guinea,washing,"fatal, chest & leg bitten",y
usa,standing,thigh bitten,n
australia,fishing,"no injury to occupant, shark grabbed anchor rope, pulling bow of boat downward & then bit bow of boat",n
usa,"scuba diving, attempting to catch a captive shark",right forearm bitten provoked incident,n
usa,free diving,left foot bitten,n
usa,nan,bitten on leg or ankle,n
usa,25-foot cabin cruiser happy jack sank in heavy seas,bodies of 5 of the 6 men on board were bitten by by sharks sharks may have contributed to the death of some of them,y
fiji,fishing,"no injury, sharks rammed boat and bit outboard motor",n
australia,fishing,"no injury to occupants, hooked shark cracked hull provoked incident",n
mozambique,swimming,"leg bitten, surgically amputated at knee",n
south africa,wading,left ankle & foot bitten,n
south africa,fishing,hooked shark bit boat provoked incident,n
new zealand,nan,left foot bitten by hooked shark provoked incident,n
australia,fishing & spearfishing,no injury to occupants shark holed boat & they swam 200 yards to shore,n
papua new guinea,swimming,"fatal, calf bitten, other leg severed below knee",y
papua new guinea,swimming along a row of nets,torso lacerated,n
new zealand,swimming,"mistook shark's tail for kelp & grabbed it, legs abraded by shark's fins provoked incident",n
australia,fishing for snappers & cleaning mullet put mullet over side of boat to wash it,middle finger of right hand lacerated,n
south africa,swimming,"fatal, calf bitten twice",y
south africa,treading water,"fatal, tissue removed from thigh, femoral artery severed",y
australia,swimming,shin bitten,n
new zealand,fishing,nan,unknown
solomon islands,swimming outside fishing net,"fatal, shoulder & thigh bitten",y
new zealand,splashing,"left hand injured: gash on back of hand, toothmarks on palm",n
mozambique,nan,nan,unknown
australia,spearfishing,suffered from shock & immersion after being dragged underwater  by speared shark provoked incident,n
south africa,"fishing, slipped on rocks & fell into sea",possible drowning  post mortem scavenging by zambesi shark,nan
new zealand,fishing,"no injury to occupants, hooked shark attacked boat provoked incident",n
new zealand,spearfishing,shark struck him on shoulder injuring skin under suit,n
usa,spearfishing  scuba diving at surface,buttock bitten & major leg wound,n
australia,spearfishing,speared shark bit gunwale of boat as it was being hauled onboard provoked incident,n
australia,surfing,dorsum of foot lacerated & toe severed,n
australia,fishing,"no injury to occupant, shark bit propeller & lifted boat several feet",n
papua new guinea,spearfishing,left leg & buttocks bitten,n
new zealand,surf fishing,right foot lacerated,n
australia,fishing for sharks,no injury to fisherman alf dean & other occupants; shark bit stern of boat,n
australia,swimming,"remains recovered from 10' shark, but shark involvement prior to death unconfirmed",nan
australia,rowing,"no injury to occupants, shark bit 3"" piece from oar after they accidentally struck the shark provoked incident",n
australia,surfing,"no injury, shark bumped board flipping him into the water",n
south africa,fishing,shark rammed boat 5 times & holed it,n
australia,fishing,"no injury to occupants, hooked shark dragged boat 2 miles provoked incident",n
marshall islands,fishing with hand net in 2' of water,"25"" laceration on right hand",n
spain,dangling feet in the water,feet severed,n
indonesia,nan,fatal,y
australia,diving,right leg bitten,n
australia,standing,"fatal, right arm severed at shoulder, left hand severed, right thigh bitten & surgically amputated  died  day after the attack",y
australia,standing,"hand bitten, surgically amputated",n
south africa,treading water,lower right leg & ankle bitten,n
australia,spearfishing,"no injury, parker shot the shark when it came close to his nephew, bill bradbury 14, then the shark bent his speargun provoked incident",n
australia,"fishing, hauling in a 5-lb snapper",no injury to occupant; shark leapt into boat,n
mozambique,bathing,his left leg was severely bitten,n
australia,"surfing, pushing board ashore","fatal, right wrist and hand bitten, left leg severed above knee",y
australia,swimming with other crew near wharf,right thigh and leg lacerated,n
mexico,nan,"bodies of  hurricane victims bitten by shoals of sharks, post mortem scavenging",nan
philippines,gathering shells,right leg severed,n
usa,swimming,"skeletonized, but shark involvement may have occurred after death",nan
vanuatu,paddling outrigger canoe,"no injury to occupant, canoe  bitten & overturned by shark",n
usa,nan,"fatal his body washed ashore, presumed shark attack",y
usa,nan,foot & lower leg abraded and lacerated when he kicked the shark provoked incident,n
croatia,swimming,"fatal, hand severed & legs bitten",y
tanzania,fishing,provoked incident right hand severed by hooked shark,n
mid atlantic ocean,"survived us naval aircraft crash, climbing onboard rescue vessel when he fell back into sea",lacerations to right shoulder blade  & back,n
persian gulf,"free diving, surveying a pipeline & examing cathodes under jetty","3"" cut on sole of foot",n
italy,fishing,left foot & right hand bitten by netted shark provoked incident,n
australia,attaching a line at sea,shark involvement prior to death unconfirmed,nan
usa,swimming,"foot, leg  & groin lacerated",n
usa,wading,"right arm bitten left leg bitten, surgically amputated",n
bermuda,spearfishing,right hand lacerated,n
usa,"net fishing, picking catch from the net",hand bitten,n
papua new guinea,"fishing, two large sharks passed he speared one and it bit him",thigh lacerated provoked incident,n
usa,spearfishing,puncture wound on right shin & fingers lacerated by speared shark provoked incident,n
turkey,swimming,left leg injured,n
australia,shark fishing,"no injury to occupant, hooked shark bit boat's rudder provoked incident",n
italy,spearfishing,foot bitten,n
panama,fishing trolling  from canoe,"fatal, hooked shark pulled him into the water provoked incident",y
usa,scuba diving & spearfishing,"fatal, arm severed & left side of torso removed",y
usa,standing,lacerations to left leg,n
usa,spearfishing on scuba,"no injury to diver or occupants of the boat, shark butted boat",n
new britain,spearfishing,minor injuries to arm,n
papua new guinea,"fishing, speared shark upset canoe & man fell in water","left thigh severely bitten, but he regained  the canoe, then shark bit canoe provoked incident",n
usa,free diving for abalone,"no injury, wetsuit bitten",n
new britain,collecting dynamited fish,thumb & 2 fingers severed,n
usa,walking in chest-deep water,middle finger of left hand & right forearm lacerated,n
australia,spearfishing,"no injury, speared shark hit speargun provoked incident",n
usa,splashing,abdomen abraded,nan
australia,spearfishing,speared shark bit davy's ankle &  pierpont's right leg  provoked incident,n
mozambique,swimming,"multiple injuries to both hands, left leg & foot",n
south africa,diving,shark bit swimfin after diver kicked shark provoked incident,n
usa,spearfishing,thigh bitten,n
australia,spearfishing,speared shark bit his foot  provoked incident,n
australia,"checking fish traps, fell into the water",tiny cuts & bruises on neck,n
mozambique,"swimming, using bundles of sticks as raft","fatal, extensive abdominal wounds, died 4 days later",y
persian gulf,cargo ship dara sank after collision with another ship during a severe storm,some of the survivors said to have been bitten by sharks,y
australia,spearfishing,"no injury, right sleeve of wetsuit ripped, weight on belt gashed",n
australia,spearfishing,speared shark bit his arm & seat of pants of diving suit  provoked incident,n
australia,spearfishing,"shark took his entire catch, lacerated his knee and tore his wet suit as it brushed past him",n
australia,swimming,"abdomen & arm bitten shark, holding him by the arm, leapt 4' to 5' above the surface",n
australia,fishing from dinghy,hooked shark hauled on board bit her foot provoked incident,n
australia,spearfishing,left leg bitten  & left forearm lacerated,n
north pacific ocean,free diving,right elbow bitten,n
south africa,fishing,landed shark in boat bit his left leg  provoked incident,n
fiji,floating on back,right forearm bitten,n
usa,cleaning a tank,thumb lacerated by captive shark provoked incident,n
australia,standing,"ankle bitten by small “gummy” shark, minor injury",n
jamaica,nan,fatal,y
south africa,"spearfishing, shark grabbed his white t-shirt and towed him",torso bruised & abraded,n
south africa,swimming,"fatal, multiple injuries to both legs, feet & left arm",y
australia,collecting crayfish,no injury,n
usa,nan,considered a doubtful incident,nan
south africa,fishing for kob,"no injury to occupants, shark took a gaffed fish they were bringing aboard & hit their boat",n
south africa,swimming,left thigh bitten,n
australia,collecting aquarium specimens,right calf  bitten by lassoed shark on deck of surf ski provoked incident,n
south africa,standing,"right foot, leg and hand bitten",n
atlantic ocean,pacific seafarer of us navy,"3 were lost, 3 survived",y
australia,fishing,finger bitten by hooked shark provoked incident,n
mozambique,swimming,leg bitten,n
south africa,standing,"lower left leg bitten, abrasions on back of right leg",n
south africa,nan,human remains patella & remnants of black swim suit found in 147-kg raggedtooth shark,nan
australia,ocean racing,"no injury to occupants, shark struck boat",n
australia,fishing for mackerel,"no injury to occupant, shark took hooked fish then bit stern of boat",n
columbia,taking boat from california to florida when it ran aground & he was swimming back to boat,leg bitten,n
new caledonia,spearfishing,arm injured,n
senegal,free diving for molluscs,fatal,y
usa,light aircraft ditched at sea,3 of the 4 passengers killed by sharks,y
usa,swept out to sea while net fishing,"fatal  shark seen attacking riley, body recovered off nanakuli",y
australia,nan,"shark brushed past, minor injuries if any",n
south africa,swimming,"fatal, legs severed",y
australia,"fishing, when line became snagged on rock & he dived into water to free it",left thigh lacerated,n
australia,fishing,bitten & survived,n
australia,swimming,right shoulder lacerated,n
usa,"fell overboard, prop slashed arm","fatal, probable drowning & post mortem scavenging",nan
australia,chasing shark out of bathing area while riding on a surf-ski,"shark knocked him off surf-ski, he inhaled water & had to be resuscitated provoked incident",n
australia,"spearfishing, speared fish retreated to cave where shark grabbed his arm",scratches on right upper arm,n
south africa,hand lining for shad,"no injury to occupants, shark bit 45 cm hole in hull",n
new guinea,nan,left wrist bitten by netted shark placed in bottom of dinghy provoked incident,n
papua new guinea,fishing,"fatal, severely bitten genitals & thighs",y
usa,ejected from f3h-2 aircraft,"no injury, shark hit his foot & circled",n
south africa,fishing for rock lobsters,"no injury to occupants, shark rammed & bit  boat",n
australia,fishing,"swept off rocks & presumed to have drowned, shark seen in area",nan
papua new guinea,collecting shells,injuries to leg & foot,n
red sea ,cargo ship el gamil entroute suez to yemen aden when her cargo shifted and she sank 19 egyption sailors jumped into the water and swam for several hours before being bitten by sharks,"sharks attacked sailors in the water, several survivors picked up",y
usa,diving,"apparently went missing while diving helicopter searching for him spotted school of sharks attacking a ""white object"" 15' below the surface",nan
south africa,fishing,"shark rammed boat, breaching its hull",n
johnston island,"free diving  photography, kneeling on sand","no injury, shark made threat display",nan
usa,fishing inside net,"multiple superficial lacerations of leg, arm & hand provoked incident",n
pacific ocean,r5d aircraft went down with 29 on board,one body sighted but not recovered due to shark activity,n
australia,nan,"no injury to occupants, toothmarks on bottom & side of dinghy",n
marshall islands,free diving  spearfishing,"no injury, shark made a threat display",nan
marshall islands,free diving  spearfishing,"no injury, shark made a threat display",nan
usa,swimming 3 miles offshore,right leg severely lacerated,n
senegal,air disaster: crash of air france super constellation,all 63 on board perished when the aircraft hit the water sharks hampered retrieval of bodies,y
usa,aircraft crashed into sea,"partial human remains spotted by helicopter, shark involvement, if any, may have been post-mortum",nan
usa,free diving,superficial laceration of left arm,n
papua new guinea,free-diving,lost left arm,n
usa,nan,knee ripped to bone,n
usa,standing in knee-deep water,"lower right leg bitten, surgically amputated 10 days later",n
mozambique,boat with 46 people on board capsized,1  survivor,nan
usa,holding shark on leader & dangling it above the water,right hand bitten by hooked shark provoked incident,n
england,helping angler land a shark,arm lacerated elbow to wrist provoked incident,n
usa,"fishing, struck by another shark when removing shark from line",hand lacerated,n
usa,swimming from camp,fatal,y
papua new guinea,spearfishing,"arm severed, torso severely  lacerated",n
usa,pulling raft out to ride to shore,leg bitten,n
usa,"fishing, tossing netted shark onboard",right arm bitten  provoked incident,n
papua new guinea,fishing,right buttock slashed,n
usa,surf fishing,"lacerations to calf, wrist & thumb by hooked shark provoked incident",n
new zealand,shark fishing,harpooned shark bit boat provoked incident,n
north sea,fishing,right arm bitten by shark taken onboard in net provoked incident,n
usa,scuba diving,"no injury, shark harrassed diver & attempted to bite his swimfins",n
usa,"testing classified underwater electronic gear for raytheon corporation, vessel torn apart by explosion","legs & arms bitten, coroner unable to determine if injuries occurred before death",nan
philippines,"diving for shells, saw shark circling wife near the surface, intercepted shark & it pulled him beneath the water","fatal, body not recovered",y
usa,swimming,lower left leg & foot bitten,n
panama,"spearfishing, free diving, possibly ascended into path of cruising shark",face lacerated,n
bermuda,free diving but treading water at surface,foot bitten,n
usa,swimming,"left leg bitten, surgically amputated below the knee",n
usa,nan,"no injury, harpooned shark bit hull, leaving tooth fragments provoked incident",n
papua new guinea,nan,fatal,y
south africa,treading water,multiple major injuries,n
usa,free diving for abalone diving but at surface,foot & swim fin bitten,n
australia,"fishing, hauling in a set line",4 fingers of left hand were lacerated by shark he had shot in the head provoked incident,n
south africa,fishing,gaffed shark bit his ankle provoked incident,n
bermuda,floating on a raft,"no injury, 5 sharks bumped raft",nan
australia,surfing,right arm & side bruised,n
australia,"spearfishing, shot a sandtiger shark cord to spear tangled round his legs & a wave washed him onto a reef","bruises & minor injuries from reef, not the shark provoked incident",n
australia,spearfishing,minor cuts & bruises on face & neck,n
australia,"speared a grouper, saw shark but it came for him instead of the fish so he fired spear into shark’s mouth then shark took grouper but unable to swallow because of the spear in its mouth",minor injuries to hand,n
australia,shark fishing,hooked shark bit stern  provoked incident,n
fiji,fishing in shoulder-deep water,"fatal, legs bitten",y
philippines,"fishing, hooked shark towed boat out to sea, storm swamped boat","fatal, due to drowning provoked incident",y
south africa,fishing,shark rammed boat & bit transom,n
usa,treading water,"ankle bitten, hand injured while striking shark",n
guam,"spearfishing, carrying fish on belt",thigh bitten,n
australia,"wading, fishing for flounder","no injury, robertson knocked over & hasler brushed by a shark",n
new zealand,spearfishing,"no injury, leg bumped by shark's tail",n
usa,spearfishing,left forearm lacerated,nan
senegal,fishing,calf bitten by shark caught in net provoked incident,n
papua new guinea,spearfishing,"fatal, legs bitten",y
australia,shark fishing,no injury to occupants hooked shark rammed boat  provoked incident,n
australia,spearfishing,"no injury, speared shark towed gilles 200 yards & tore hole in diving suit, and hit dowswell's back with its tail provoked incident",n
usa,s2f-1 airplane crashed immediately after carrier take-off,"of crew of 4, only 1 person survived broken legs but no shark bites within 20 minutes of his rescue large sharks were in area no remains of other 3 crew recovered, and shark involvement in their deaths is questionable",nan
papua new guinea,nan,"lower left leg bitten, surgically amputated",n
nan,portuguese airliner with 9 people aboard went down,"as searchers approached wreckage, sharks circled one canoe & seized oar from another",n
australia,nan,"no injury to occupants, shark lifted boat",n
australia,free diving,"fatal, right leg severed above knee, surgically amputated but died 9 days later",y
australia,"fishing, lifting shark out of craypot",upper leg bitten provoked incident,n
australia,setting crayfish pots,"no injury to occupant, shark rammed boat",n
south africa,"standing, watching seine netters",left leg bitten by shark that escaped net  provoked incident,n
nicaragua,bathing,survived,n
grenada,spearfishing,toe bitten,n
caribbean sea,aircraft crashed into sea,"questionable recovered flight gear was ""completely shredded by sharks"" but pilot may have died when plane hit the water,",nan
sri lanka,spearfishing,no injury,n
sri lanka,collecting ornamental fish,"no injury, beat off shark with his collecting net",n
fiji,spearfishing,"right arm abraded, circular piece of tissue removed from left calf",n
papua new guinea,"spear fishing, removing fish from spear","fatal, foot severed, hip bitten",y
papua new guinea,fishing,slight lacerations to leg,n
mozambique,swimming,fatal,y
south africa,wading,"heel lacerated, hand lacerated & abraded",n
australia,paddling,no injury to occupants,n
australia,fishing,no injury to occupants,n
papua new guinea,swimming underneath house on pilings,"fatal, right leg severed",y
australia,dived from dinghy to retrieve oar in heavy seas,fatal,y
philippines,ship mv rizal sank during typhoon,"65 people survived, 27 perished several people were bitten & one man lost his leg to a shark",y
australia,"spearfishing, smith  & walker touched shark with tip of their guns","smith hit by tail of shark, walker sustained cuts on his  wrist provoked incident",n
australia,spearfishing,"no injury, shark made threat display, one diver shot shark in jaw, then they killed shark with knives",nan
new zealand,fishing for snapper,"no injury to occupant, shark sank dinghy",n
maldive islands,17 maldivians adrift in open boat for 31 days,fatal,y
australia,body surfing,"thighs bitten, right hand lacerated",n
australia,standing in chest-deep water,right foot lacerated,n
australia,trailing the field in a surf race,"lower left leg bittten, hand abraded",n
usa,national airlines dc7b enroute from miami to los angeles with 42 or 46 people on board went down in heavy fog,body recovery efforts were hampered by large sharks but sharks did not cause the deaths,nan
south africa,fishing for tunny,r roberts' leg was bruised when shark leapt into boat,n
australia,shark fishing,"no injury to occupant, hull bitten provoked incident",n
usa,swimming at surface through school of feeding 25' to 5’ sharks,forearm bitten,n
australia,"spearfishing, shot shark, hauled it onto boat","no injury diver shot shark, then shark tore legs of his rubber suit, water poured in & swept out to sea by strong rip current provoked incident",n
papua new guinea,fishing,both hands bitten while helping companion land speared shark provoked incident,n
mozambique,swimming,"fatal, died in lourenco marques hospital",y
papua new guinea,nan,thigh bitten,n
usa,diving for abalone,"ankle twisted, swim fin bitten",n
fiji,dived overboard to retrieve dinghy,"fatal, body not recovered",y
fiji,spearfishing,forearm abraded,n
philippines,swimming,"no details, survived",n
bermuda,nan,"murdered, body scavenged by sharks",nan
usa,"adrift, hanging onto cushion, after his 17' skiff ran out of gas & capsized 3 miles from shore","during the night both hands and feet were bitten, rescued next day after spending 17 hours in the sea",n
usa,gigging for flounder,nan,unknown
usa,pulling hooked salmon to boat,"no injury to occupant, shark struck stern of boat",n
india,nan,"5 fatalities, 30 injured",y
usa,on inflatable raft,no injury,nan
mexico,nan,"fatal, leg severed, other leg lacerated",y
azores,fishing,no injury to occupants; shark bit rudder,n
australia,swimming,no injury,nan
japan,nan,survived no injury,nan
philippines,the 240-ton motor vessel pilar ii with 100 people on board capsized in high winds & rough seas,"navy personnel reported that his body was ""mutilated by sharks"" but it is probable that death resulted from drowning",nan
usa,diving,no injury,nan
usa,spearfishing on scuba,"fatal, disappeared, dive gear & clothing found with teethmarks, presumed taken by a shark",y
usa,fishing,laceration to forearm by boated shark provoked incident,n
philippines,fishing boat capsized,"10 of the 15 people perished, bodies of some who drowned  were scavenged by sharks",y
usa,"spearfishing with joe turner 24 shark attracted to speared halibut on belt of one diver, tried to bite ide’s speargun & he shot it in the mouth","no injury, provoked incident",n
croatia,fishing,laceration to arm provoked incident,n
japan,swimming,"fatal, left thigh bitten",y
usa,standing,"4"" cut on left foot",n
usa,wading,"no injury, no attack, the 10' shark merely circled him",nan
italy,scuba diving,probable drowing shark involvement unconfirmed,nan
usa,pulling anchor,"no injury to occupants, shark charged boat after being shot twice with pistol and speared provoked incident",n
usa,spearfishing but on surface,"14 punctures on right thigh, swim trunks torn",n
japan,nan,"fatal, right thigh bitten",y
usa,nan,no injury to occupant,n
usa,fishing,"no injury to occupant, shark rammed boat",n
usa,dragging stranded shark ashore,"gietel grabbed the shark's tail, the shark lacerated his right ankle provoked incident",n
caribbean sea,columbian petrol barge rio atrato burned and sank,"fatal x 2, 8 others missing survivors fought off sharks & sharks seen biting 2 of the dead the 39 survivors were rescued by the german freighter essen",y
usa,free diving,arm bitten when he grabbed shark’s tail  provoked incident,n
north atlantic ocean,nan,"no injury to occupant, shark bit propeller as wade was refueling",n
mexico,wading,"fatal, legs bitten",y
turkey,nan,leg injured,n
mexico,swimming ashore from capsized boat,fatal,y
usa,free diving for abalone,"fatal, body not recovered",y
usa,swimming,"disappeared after diving in “deep hole”, body not recovered, “presumed taken by a shark”",nan
south africa,spearfishing,"no injury, diver shot shark & it bit his speargun provoked incident",n
usa,nan,minor injuries,n
usa,treading water,"fatal, left arm bitten, right arm partly severed, deep lacerations of left shoulder & chest",y
usa,spearfishing,lacerated hip & hands,n
mid atlantic ocean,jumped overboard to rescue a man,leg bitten,n
australia,spearfishing,thigh lacerated,nan
australia,diving for pearl shell,left hand lacerated when he tried to ward off shark,n
usa,fishing,survived,n
south africa,fishing,2 toes bitten off,n
australia,spearfishing,swim fin bitten,n
usa,swimming,"bumped, then knee bitten",n
philippines,lifeboat capsized,"fatal, body not recovered",y
usa,"on boat, preparing to dive",boat followed shark; shark holed boat,n
australia,fishing for snapper,"no injury to occupants shark leapt into boat, momentarily pinning crew against the side",n
venezuela,fell into water while attempting to boat a swordfish,left arm bitten,n
papua new guinea,fishing,arm bitten by shark that he thought was dead provoked incident,n
solomon islands,bathing with sister,"fatal, body not recovered",y
south africa,treading water,leg severed below knee,n
australia,working prawn net,shark’s tail grazed his shin,n
ecuador,washed overboard into school of fish,right leg & left foot lacerated,n
australia,swimming with motor tube,thigh bitten,n
australia,in deep water about 100 yards from his ship,fatal,y
australia,"surfing, but treading water",right foot & toe bitten,n
south africa,swimming,thigh & both wrists lacerated,n
new guinea,dragging banana seeds through the shallows,left calf & right thigh bitten,n
mozambique,swimming ashore from fishing boat swamped and sunk by a squall,"suttie's lower abdomen was bitten, murray disappeared presumed drowned",y
australia,spearfishing  free diving,abrasion,n
south korea,swimming,fatal,y
india,nan,"5 people killed by sharks, 30 others injured",y
atlantic ocean,paddling & sailing from buenos aires to miami,hooked shark bit his arm provoked incident,n
papua new guinea,spear fishing,minor injuries,n
papua new guinea,fishing,minor injuries,n
papua new guinea,nan,"fatal, abdomen & leg bitten",y
papua new guinea,fishing,penis bitten while trying to drag speared shark to beach provoked incident,n
turkey,fishing,boat damaged,nan
papua new guinea,nan,hip bitten,n
south africa,swimming,fatal,y
usa,surfing on air mattress,"fatal, leg severed",y
american samoa,cleaning hull of ship,"fatal, left thigh & hip bitten",y
australia,swimming,fatal,y
south africa,fishing,"no injury, shark leapt at him",nan
papua new guinea,spearfishing,"fatal, left arm & leg severed",y
usa,fishing,"no injury to occupant, shark chasing barracuda tied to the stern rammed skiff & slashed the motor",n
usa,swimming near jetty,"left arm, hips & leg lacerated",n
usa,nan,no injury,n
mexico,slapped shark on tail as it swam by,shark turned & severed his leg provoked incident,n
papua new guinea,collecting shells,leg & foot injured,n
andaman ,"""climbing up to ship after repairing the stern in water""","fatal, leg bitten",y
bahamas,fishing,right forearm lacerated,n
usa,spearfishing,bitten by harpooned shark provoked incident,n
mexico,boat stopped to repair electric pump,shark tried to bite prop twice,n
croatia,swimming,leg injured,n
mexico,swimming,fatal,y
usa,"swimming, ducking for shells in water 09 m deep",3 lacerations on leg,n
usa,"swimming, ducking for shells in water 09 m deep","left hand and  leg bitten, leg surgically amputated below hip",n
usa,nan,fatal  autopsy report: bitten by shark while still alive,y
kenya,swimming,"fatal, leg severed",y
pacific ocean,us airforce c124 enroute from hickham air base to japan went down the 3 survivors fashioned raft from mailbags  & were rescued 3 days after the crash,fatal,y
pacific ocean,us airforce c124 enroute from hickham air base to japan went down the 3 survivors fashioned raft from mailbags  & were rescued 3 days after the crash,left shoulder bitten,n
usa,free diving,"he grabbed shark, it bit his leg below the knee provoked incident",n
papua new guinea,swimming,"fatal, left arm severed",y
bahamas,"spearfishing, had fish on his spear","no injury, shark went for diver's leg & missed, diver hit shark on head with speargun & shark bit speargun",n
usa,nan,both were bitten on feet by sharks,n
usa,wading,right foot bitten when he walked into shark's head provoked incident,n
usa,walking,lower left leg & foot bitten,n
usa,"swimming, towing the shark",thigh bitten provoked incident,n
australia,swimming,"injuries caused by coral, not the  shark",nan
south africa,spearfishing,injuries not caused by sharks,nan
usa,free diving,"grabbed shark’s tail, shark bit his thigh provoked incident",n
taiwan,diving,right cheek bitten,n
south africa,paddling in knee-deep water,fatal,y
south africa,swimming with goggles,"fatal, arm severed above elbow, abdomen & leg bitten",y
papua new guinea,"fishing, holding fish in his left hand",left forearm amputated,n
australia,spearfishing,"disappeared while diving, speargun recovered, 2 large sharks in vicinity",nan
usa,spearfishing on scuba,chest bitten by speared shark provoked incident,n
australia,spearfishing  swimming on surface,right leg lacerated,n
australia,body surfing,"laceration to left ankle, heel and little toe",n
japan,nan,torso recovered from 206-lb shark,nan
south africa,swimming,fatal,y
tonga,spearfishing,calf avulsed by shark he was holding by the tail provoked incident,n
samoa,placed hand in disemboweled shark’s jaws,hand lacerated provoked incident,n
panama,skindiving,"boy seized shark by its tail, shark bit boy’s forearm  provoked incident",n
papua new guinea,nan,fatal,y
papua new guinea,spearfishing,"fatal, back & buttocks bitten",y
papua new guinea,spearfishing,"fatal, severe abdominal injuries",y
papua new guinea,"fishing, holding fish",hand holding the fish was bitten in all 3 cases,n
south africa,fishing trolling,no injury to occupants; shark bit propeller,n
south africa,"fishing, walking in river to cast","fatal, right leg severed above knee",y
australia,spearfishing,no injury shark grabbed fish attached to his belt & towed him seaward,n
south africa,standing,"left arm severed, torso bitten, thigh lacerated, many abrasions",n
south africa,skindiving,lacerations on head & neck,n
south africa,floating,"fatal, right arm broken & stripped of flesh, left hand severed above wrist, lower abdomen, buttocks & thigh bitten",y
south africa,standing,"fatal, multiple, severe injuries",y
south africa,body surfing,"left leg severed at knee, part of left thigh removed",n
pacific ocean,airsea disaster pan-american airlines stratocruiser with 44 people onboard crashed into the sea,navy personnel recovered 19 shark-scavenged bodies,n
australia,fishing,"no injury, shark's teeth embedded in boat",n
solomon islands,nan,fatal,y
solomon islands,nan,fatal,y
marshall islands,nan,survived,n
usa,attempting to net shark in shark channel,legs bitten provoked incident,n
usa,spearfishing on scuba,diver jabbed shark with spear and it make a threat display no injury provoked incident,n
usa,swimming,"fatal, knee bitten",y
australia,diving for trochus,right hand and arm bitten,n
cuba,mv tropical sank sole survivor rode oil drums for 8 days without food or water,"no injury, no attack, sharks in vicinity when the sea was calm",nan
australia,competing in spearfishing championship & towing dead fish,thigh bitten & few lacerations on abdomen & buttock,n
solomon islands,fishing,legs nipped & he bit shark's snout,n
usa,3 men & 2 boys picked up wearing life jackets and with inner tube,leg lacerated,n
usa,swimming,"fatal, seen with arm in mouth of shark body not recovered",y
australia,surfing,minor injuries,n
usa,standing,ankle injured by shark trapped in pool as it tried to get out provoked incident,n
australia,swimming between  anchored  pearling luggers,"left arm bitten, surgically amputated",n
papua new guinea,diving from canoe,injured while sonieva was transferred to another canoe,n
solomon islands,diving from canoe,leg severed,n
fiji,spearfishing,right arm & forearm injured,n
usa,floating,foot bitten,n
australia,nan,man landed at cape levêque lighthouse in critical condition after being bitten by a shark not known if he survived,unknown
usa,skindiving for specimens,minor injuries,n
south africa,wading,fatal,y
sri lanka,fishing,"fatal, but shark involvement not confirmed",nan
usa,bathing,injured by shark,n
cuba,nan,"fatal, but was it an accident or infanticide",nan
cuba,fishing,"no injury to occupant, shark stuck boat",n
cuba,fishing for sharks,"fatal, became entangled in fishing line and pulled below the surface",y
usa,helmet diving in miami seaquarium,"shark struck helmet, no injury",n
fiji,fishing,right foot lacerated,n
iran,nan,survived,n
papua new guinea,fishing,"fatal, multiple injuries",y
iran,nan,survived,n
papua new guinea,dynamiting fish,fatal,y
papua new guinea,spearfishing,"fatal, left leg severed at hip, left torso removed",y
papua new guinea,spearfishing,"fatal, left arm, shoulder & chest bitten",y
gabon,swimming,fatal,y
new zealand,fishing,bitten in cockpit of boat by shark caught 30 minutes earlier provoked incident,n
south africa,free diving for sinkers,right heel lacerated & swim fin removed by shark,n
papua new guinea,"spearfishing, holding 5' speared fish","left forearm & hand bitten, surgically amputated",n
senegal,"skindiving, fish at belt",right thigh bitten,n
papua new guinea,fishing,fatal,y
usa,surf fishing,posterior left ankle bitten,n
nan,climbing back on ship,fatal,y
mayotte,fishing,fatal,y
italy,scuba diving,survived,n
papua new guinea,fishing,"fatal, tissue removed from abdomen & thigh",y
papua new guinea,fishing,"leg bitten, but survived",n
usa,skin diving,fatal,y
australia,diving,laceration to arm when his dive buddy grabbed the shark provoked incident,n
usa,swimming near pier,"lacerated thigh, hand & shoulder",n
south africa,free diving for crayfish,"no injury, right swim fin bitten",n
united kingdom,attempting to kill a shark with explosives,"fatal, provoked incident",y
united kingdom,attempting to kill a shark with explosives,"fatal, provoked incident",y
malta,fishing,"no injury to occupants, but emmanuel ""later died of shock in hospital""",n
papua new guinea,fishing,"leg severed, but survived",n
papua new guinea,fishing,leg & foot lacerated,n
usa,floating in inner tube,fatal his brother speared a shark which then attacked jose & severed his leg at knee provoked incident,y
usa,fishing,finger bitten by hooked shark provoked incident,n
malta,swimming,fatal,y
usa,wading,lacerations to legs,n
usa,swimming,arm & leg injured,n
australia,"line fishing from lakotoi, saw shoal of fish, dived overboard, had speared second fish & surfaced for air","6"" gashes in foot & leg",n
portugal,longling fishing,"fatal shark sank fishing boat, causing death by drowning",y
mid atlantic ocean,airsea disaster,fatal x 6,y
south africa,fishing,"no injury, sharks bit propellers, etc",n
cuba,"free diving, working on uw scenes for motion picture",fatal,y
australia,diving,"""badly bitten by shark""",n
italy,boating,no details,unknown
australia,bathing,"right thigh gashed, swim fin torn",n
australia,"swimming, attacked at  surf carnival",fatal,y
australia,attempting to set underwater endurance record,"no injury to diver, but shark bit hole in his wetsuit",n
australia,diving into water,"fatal, large amount of tissue removed from leg, artery severed",y
australia,swimming,punctures to calves,n
australia,diving for trochus,lacerations to thighs,n
costa rica,swimming,"fatal, leg severed",y
australia,surf skiing,"no injury, shark bumped his 17' ski",n
papua new guinea,diving,lower leg & foot lacerated,n
nan,shipwreck,fatal,y
greece,swimming off yacht,fatal,y
usa,removing shark from net,punctures on shin & calf provoked incident,n
usa,swimming,no details,unknown
papua new guinea,nan,"non-fatal, treated at misima hospital",n
papua new guinea,nan,right calf bitten,n
papua new guinea,nan,"fatal, head & neck bitten",y
australia,ocean racing,"no injury to occupants, shark gouged hull",n
usa,fishing for pompano,"no injury to occupants, shark released from net holed boat",n
papua new guinea,swimming,right thigh bitten,n
papua new guinea,spearfishing,right arm severely bitten,n
australia,spearfishing & lassoed shark,lassoed shark bit his hand provoked incident,n
north pacific ocean,"""flying tiger"" transport plane went down with 5 men onboard",fatal,y
north pacific ocean,"""flying tiger"" transport plane went down with 5 men onboard",bitten several times before being rescued after 43 hours in the sea by the freighter stell advocate,n
usa,hunting turtle,arm bitten,n
usa,swimming near breakwater,dorsum of right foot lacerated,n
usa,nan,minor injury,n
japan,fishing,fatal,y
usa,surfing,"surfer grabbed shark, which turned & bit him and 2 lifeguards provoked incident",n
croatia,swimming,fatal,y
american samoa,swimming,"fatal, abdomen bitten",y
usa,fishing,finger bitten by hooked shark provoked incident,n
north atlantic ocean,treading water,no injury,n
australia,fishing,whelan's head was injured when he fell to the deck as shark rammed boat,n
japan,nan,fatal,y
usa,wading,bites on legs & thighs,n
montenegro,swimming,fatal,y
yemen,swimming,"fatal, back lacerated, arm & leg severed",y
usa,spearfishing,diver hit shark & right forearm slightly injured provoked incident,n
papua new guinea,spearfishing,"right forearm severely lacerated, left arm & hand lacerated",n
papua new guinea,spearfishing or fishing,left shoulder bitten,n
papua new guinea,spearfishing,no injury shark took string of fish then struck canoe,n
usa,"fishing from boat, kaimamla",hand bitten,n
australia,body surfing,fatal,y
papua new guinea,swimming with speared fish,left leg bitten,n
australia,"competing in uw endurance record, standing beside drum in 10' of water",leg of wetsuit torn after spear fired at shark  provoked incident,n
usa,scuba diving,"no injury, shark bumped diver's face",n
usa,spearfishing,"swimfin & 2 wool socks removed by shark, suit torn",n
australia,swimming,"fatal, legs bitten",y
india,fishing,leg bitten,n
australia,rowing,"no injury to occupants; shark grabbed oar, vaulted over scull",n
australia,rowing toward snapper grounds,"no injury to occupants, 6 sharks charged boat",n
australia,hunting lobsters in 24 m of water,"fatal, anterior left leg & right calf bitten, no tissue lost",y
south africa,crossing the bay at the ford,"fatal, leg bitten",y
usa,nan,no details,unknown
cuba,fishing,forearm slashed wrist to elbow by hooked shark he was trying to club to death  provoked incident,n
madagascar,standing in knee-deep water,fatal,y
usa,swimming,right leg allegedly bitten by a bull shark,nan
columbia,spearfishing,swim fin & foot bitten,n
papua new guinea,nan,back bitten,n
american samoa,dived overboard & was swimming near stern of trawler,fatal,y
australia,swimming,fatal,y
papua new guinea,swimming near canoe,"fatal, abdomen & thigh bitten",y
south africa,swimming,shallow lacerations on torso,n
usa,spearfishing,shoulder bitten,n
usa,"american freighter mormackite, bound from buenos aires for baltimore, capsized & sank in heavy seas",rescue aircraft saw bodies in the water being bitten by sharks one survivor saw a shark take off a man’s leg & another reported that the second cook was killed by a shark,y
united kingdom,fishing  trawling,arm broken by tail of netted shark provoked incident,n
croatia,boating,no details,unknown
japan,nan,body found in gut of 2000-lb white shark,nan
usa,swimming,minor bruises & abrasions on leg,n
hong kong,swimming,"fatal, leg severely bitten",y
australia,"spearfishing, hunting crayfish","fatal, after being bitten by shark, he was picked up by 85' trochus vessel toorah that wrecked his wounds reopened & he died",y
italy,spearfishing,abdomen injured,n
usa,surf fishing,right leg bitten when chasing shark from his fishing line provoked incident,n
cuba,spearfishing,knee bitten by shark that his dive buddy had shot  provoked incident,n
cuba,spearfishing,right thigh & left calf injured by speared shark  provoked incident,n
usa,wading,6 puncture wounds to lower leg,n
ecuador,"tuna fishing, standing on stern platform that was submerged by waves",4 lacerations on dorsum of right foot,n
singapore,closed circuit diving submerged diving to recover jettisoned packets of opium for police,"fatal, abdomen, buttock, right thigh & hands bitten",y
italy,fishing trawler flavio gioia,no injury to occupants shark tore nets & trawl and struck boat repeatedly,nan
the balkans,swimming,fatal,y
usa,wading,left leg,n
usa,nan,small wound on upper thigh,n
bermuda,swimming,"left thigh bitten, chest lacerated  & defense wounds on foot, fingers and hands",n
greece,swimming,fatal,y
croatia,nan,human remains found in shark,nan
usa,grabbed shark & threw it on deck,right elbow & forearm lacerated  provoked incident,n
australia,pearl diving from lugger whyalla,"shark bit right arm & shoulder, then aken says, he ""knocked out"" the shark",n
hong kong,bathing alongside ship,"fatal, thigh bitten",y
papua new guinea,"fishing  cleaning fish, dived into water to retrieve a lost fish","fatal, decapitated",y
papua new guinea,nan,foot severed,n
usa,fishing from shore,"body recovered, mutilated by sharks",nan
sudan,spearfishing,"speared small shark, shark bit his thigh andor buttock provoked incident",n
australia,swimming,"fatal, right thigh bitten",y
australia,swimming,abrasions to arm,n
australia,spearfishing,severe laceration to arm,n
argentina,floating,"arm & left calf bitten, right leg lacerated",n
papua new guinea,crouching in the water,back & thighs lacerated,n
iran,nan,fatal,y
martinique,nan,"chest bruised, after shark clamped its jaws on his chest",n
mexico,free diving,fatal,y
usa,fishing,bitten on foot,n
papua new guinea,swimming,leg & abdomen lacerated,n
iran,nan,fatal,y
iran,nan,survived,n
south africa,swimming,left calf lacerated,n
south africa,swimming,lacerations to arm,n
australia,swimming or wading out  to warn bathers that a shark had been seen,bruised shoulder chest & foot,n
australia,surf skiing,"no injury, shark charged surfski",n
australia,nan,"hit by tail of speared shark, fell & hit head on rock & out cold for 30 minutes  provoked incident",n
philippines,nan,fatal,y
usa,scuba diving,no injury,n
usa,aircaft exploded,hand bitten,n
usa,surf fishing,laceration to right lower leg,n
usa,crabbing,leg & foot bitten,n
mexico,free diving,no injury,nan
mexico,wading,fatal,y
usa,spearfishing,"fatal, thigh bitten",y
usa,fishing from market fishboat sea spray,arm bitten by hooked shark provoked incident,n
usa,standing,lower left leg severely bitten,n
pacific ocean,royal hawaiian skymaster dc-6b aircraft went down with  58 passenger & crew,recuers fought sharks for the bodies,n
canada,fishing for lobsters,burns drowned as result of attack on boat,n
usa,accidentally dragged overboard from the sampan holokahana into school of yellowfin tuna,"shark made 3 passes at him, lacerating his calf, shin and ankle",n
panama,retrieving bait box that had fallen overboard,hand severely bitten,n
australia,landing hooked shark in boat,right forearm & hand bitten provoked incident,n
australia,nan,"no injury to occupant as engine started, shark hit boat, breaking one of boat’s ribs in 3 places & stoving in 2 planks",n
usa,swimming,lacerations to right foot,n
iran,nan,arm severed,n
iran,swimming in midriver near sewage outlet & 400 m from a slaughterhouse,right forearm severed at the elbow,n
australia,spearfishing,arm lacerated,n
australia,spearfishing,abrasion,n
indian ocean,adrift on a 4'  raft for 32 days,sharks attacked raft & consumed the body of ericsson after he died,y
papua new guinea,went over side of boat at trochus ground,"fatal, arm & leg severed & shark smashed at his body with its tail",y
usa,bitten while cutting shark from net,hand bitten  provoked incident,n
australia,spearfishing,"shark tore off face mask, diver’s face, nose & chin lacerated",n
australia,spearfishing,foot bitten,n
australia,fishing,finger bitten by hooked shark provoked incident,n
australia,fishing,"no injury to occupant, shark charged boat",n
australia,spearfishing,kneecap bitten,n
papua new guinea,washing,"fatal, torso bitten",y
usa,standing,leg lacerated thigh to ankle,n
australia,lying prone on surfboard,"no injury, board bumped by shark",n
australia,"fishing, setting nets",bitten on thigh and buttocks,n
guatemala,air disaster,it is probable that all onboard 2 men & 2 women died when the plane crashed into the sea & her body was scavenged by a shark,nan
italy,fishing,bitten by hooked shark                      provoked incident,n
usa,swimming,"fatal, disappeared while swimming, shark bite found on right side of body",y
usa,body surfing & treading water,"fatal, leg lacerated",y
usa,swimming from fishing boat setting nets,"fatal, left arm severed below the elbow",y
papua new guinea,fishing,right thigh bitten,n
south africa,nan,"possibly drowned, remains recovered days later in gut of  113-kg [249-lb]  female zambesi shark",nan
italy,fishing,multiple injuries provoked incident,y
usa,fishing for trout,no injury to occupants shark chasing fish leapt into skiff & flopped out,n
usa,fishing,finger bitten by hooked shark provoked incident,n
usa,fishing,thumb bitten by hooked shark provoked incident,n
usa,boat exploded,fatal & some of the survivors were bitten by sharks,y
usa,fishing,part of hand removed by shark he had caught provoked incident,n
usa,"spearfishing, carrying fish on spear",leg lacerated & bone fractured,n
usa,swimming on surface,foot & swimfin bitten,n
australia,"fishing, standing in water washing fish",lacerations to 2 fingers & knuckles abraded,n
india,"fishing, standing in water next to purse net",lower leg lacerated,n
australia,fishing for white sharks,no injury to fisherman alf dean & other occupants;,n
sudan,spearfishing,right forearm lacerated by speared shark provoked incident,n
netherlands antilles,went to aid of child being menaced by the shark,"buttock bitten, tissue removed",n
mauritius,"spearfishing, speared a small shark",right foot lacerated by a larger shark lost several toes  provoked incident,n
australia,surfing,bitten on left calf and ankle,n
liberia,"diving, recovering fish killed by dynamite",fatal,y
papua new guinea,spearfishing,"arm bitten, surgically amputated",n
papua new guinea,spearfishing,"fatal,  ""no remains""",y
papua new guinea,spearfishing,"fatal, lower abdomen removed",y
usa,swimming,"fatal, groin bitten",y
mozambique,swimming,"fatal, right leg, thighs & hands bitten",y
australia,spearfishing,speared shark lacerated left leg above ankle  provoked incident,n
mozambique,swimming,no injury,nan
australia,treading water,fatal,y
south africa,swimming,thigh bruised & abraded,n
jamaica,fishing,lacerations to left hand,n
south africa,treading water,"leg severed below knee, defense wounds on hand",n
philippines,shipwrecked; adrift on raft for 2 days & 2 nights,"fatal, two men survived, one succumbed to shark bite & exhaustion",y
australia,swimming,"fatal, leg severed, shark dragged him through hole in protective net",y
north atlantic ocean,cargo ship southern isle sank at 04h00,sharks fed on bodies of the drowned,nan
italy,swimming,fatal,y
italy,fishing for squid,3 fingers severed when he used his hand as bait,n
australia,"body found on deserted luxury yacht, 38’ christine","fatal, abdominal wounds & right leg severed at the hip",y
greece,swimming,injured but survived,n
greece,swimming,"fatal, body not recovered another man was also injured by the shark at same time see below",y
italy,diving hookah,no injury,n
columbia,bathing,fatal,y
usa,nan,severe laceration to foot,n
pacific ocean,fell overboard,"""molested by shark that nibbled his bare feet"",  rescued 30 hours later",n
usa,swept out to sea while fishing,"fatal, victim seen in shark's mouth",y
french polynesia,spearfishing,right thumb bitten,n
mexico,free diving,lower leg severely injured,n
italy,nan,3 men knocked to ground by harpooned shark provoked incident,n
australia,fell off surf ski,minor laceration to chest when he grabbed the shark by its tail provoked incident,n
australia,"fishing, casting in the surf",severe lacerations of chest & thigh,n
south africa,body surfing,left foot lacerated,n
south africa,body surfing,"leg bitten, defense wounds on hands",n
australia,spearfishing but treading water on the surface,shark's fin caused abrasion on his chest,n
australia,swimming,leg bitten,n
south africa,swimming,"fatal, right thigh bitten, leg severed at knee",y
australia,nan,body found after a week in the water apparently bitten by sharks,nan
new guinea,nan,fatal,y
australia,paddling a surfboat,"no injury, shark bit oar",n
australia,swimming,legs nipped,n
australia,treading water,"fatal, lower abdomen severely bitten & his left leg was severed",y
australia,diving,"minor injury to hand and groin from shark ""caught on his fishing spear"" provoked incident",n
australia,body surfing,part of buttocks & fingers severed,n
australia,paddling a canoe,"no injury to occupants, shark holed canoet",n
usa,body surfing  treading water,right leg lacerated,n
australia,fishing,lacerations to right thumb and knee,n
el salvador,jerked overboard while pole fishing for tuna,left thigh bitten by hooked shark provoked incident,n
saudi arabia,diving,tissue stripped knee to foot,n
australia,fishing,no injury to occupants,n
japan,swimming,fatal,y
italy,fishing,harpooned shark bit his forehead provoked incident,n
cuba,swept off deck of ssfrontenac enroute from west indies to us,found at 21h30 by searchlight had been constantly harassed by sharks & had numerous lacerations,n
usa,swimming,laceration to leg,n
usa,nan,human remains found in shark,nan
usa,"goggle-diving for seaweeds, but standing in water",shallow lacerations on back of right thigh,n
usa,swimming,"gashes & lacerations on legs, foot lacerated",n
usa,survived crash of two-engine  c-46 transport plane carrying 62 migrant workers from puerto rico to usa,"fatal, bitten five times other survivors fought off sharks for 10 hours one survivor's arm severed by a shark",y
south africa,treading water,left foot bitten,n
italy,fishing on a boat,no injury,n
australia,"sea disaster, sinking of the fishing  launch mavis",fatal,y
south africa,"fishing, sitting in stern of small boat, feet dangling in the water","shark bit foot, removing 2 toes",n
south africa,wading,"ankle & foot lacerated, defense wounds on hand",n
south africa,lifesaving drill,fatal,y
australia,suicide,"szot's right hand found in a 45' [145'] tiger shark caught 391950 at safety bay, south of freemantle his body, with bullet wound in head & right hand missing, washed shore - an apparent suicide",nan
australia,spearfishing,minor injury to leg,n
south africa,body surfing,"fatal, body not recovered",y
usa,"fishing, one of three fishermen swept into the sea by a large wave","his remains were recovered from a “huge shark” caught 3 days later the remains of another fisherman, harold fujimoto, were recovered, but the body of the third fisherman, hideo tamura, was never found",nan
australia,swimming,3 lacerations to heel,n
australia,sitting on side of dinghy mending a net,"no injury to occupant, shark bit side of dinghy",n
sri lanka,shark fishing,buttock removed,n
sri lanka,spearfishing,"no injury, but shark damaged one of his swim fins",n
liberia,defecating in water beneath the docks,fatal,y
indonesia,bending over,fatal,y
usa,standing,arm bitten,n
usa,spearfishing,"no injury from shark, scraped chest climbing out on reef",nan
panama,bathing,foot & hand severed,n
greece,swimming,fatal,y
singapore,diving for coins,fatal,y
new caledonia,"spearfishing, but walking carrying fish on end of speargun","shark jumped from sea, taking fish & his right arm",n
new caledonia,"helmet diving, collecting trochus shell","arm bitten, surgically amputated",n
fiji,nan,survived,n
nan,"sea disaster, sinking of the motorship wingate",fatal or drowning or scavenging,y
australia,lying on the bottom of a 16' dinghy,"no injury,     shark landed on top of him, knocked him back down 3 times",n
australia,free diving or wading back to shore,left arm bitten,n
australia,no details,fatal or drowning or scavenging,nan
australia,swimming,abdomen & chest abraded,n
australia,swimming,"fatal, right leg, thigh & fingers lacerated",y
italy,swimming,no injury,nan
australia,swimming near shore,hip lacerated,n
italy,swimming,right hand severed,n
iran,swimming,right leg lacerated,n
iran,swimming,"fatal, thigh lacerated, femur exposed",y
usa,floating on his back,"abdomen abraded, thigh lacerated",n
usa,fishing,right hand bitten by hooked shark being pulled onboard provoked incident,n
china,"a 75-ton  japanese fishing ship was sunk by  chinese nationalist gunboat, shipwrecked men were clinging to debris","fatal, at time of sinking several men were thrown in water & killed by sharks, survivors were rescued 3 days later by the panamanian ship christobel",y
australia,bathing,"left arm severed above elbow, recovered 5 days afterwards from shark’s gut",n
australia,"examining netted shark, that had been shot",lacerations to right hand provoked incident,n
australia,fishing,toe bitten by netted shark provoked incident,n
australia,bathing in water 09 m deep,"fatal, left leg severed",y
mexico,bathing,"us destroyer john w weeks, 6 miles offshore, demonstrating guns & bombs for mexican officials was thought to have driven the shark into the shallows where it bit the bather before other bathers drove it away with sticks & clubs",n
australia,nan,nan,unknown
australia,lifesaving exhibition,fatal,y
australia,surfing,"no injury, chased by 3 sharks",nan
australia,surf skiing,"no injury, shark bumped ski",n
australia,nan,human hand recovered from 24 m [8'] tiger shark,nan
italy,"fishing, on a boat",no injury to occupant,n
new guinea,nan,fatal,y
papua new guinea,nan,"leg bitten, surgically amputated",n
papua new guinea,nan,hand & shoulder bitten,n
papua new guinea,spearfishing,"fatal, ""nearly bitten in two through loin""",y
papua new guinea,swimming close to wharf,hand severed,n
new guinea,swimming,"fatal one man's abdomen removed, the other received severe multiple injuries",y
australia,swimming,"fatal, disappeared while swimming",y
australia,"treading water, waiting for a wave","fatal, left hand severed, left leg arm bitten, tissue removed hip to knee",y
iran,nan,left thumb severed,n
cuba,"2 messboys jeppsen & tony latona 13 were playing on the afterdeck of the danish ship grete maersk jeppsen fell overboard, latona threw a lifebelt then jumped in to help him ship didn’t notice they were missing","2 hours later shark bit jeppsen’s feet, arm, knee & finally killed him tony, clothing torn but alive, washed ashore on cuban coast",n
australia,fishing,hand injured,n
north pacific ocean,airsea disaster involving c-54 air force transport no 2686 with 37 on board,"32 survived, 5 perished; sharks fed on the dead but did not bite the survivors",y
australia,pearl diving,leg bitten,n
greece,swimming,fatal,y
usa,swimming,leg bitten,n
usa,fishing,survived,n
turkey,swimming,fatal,y
mid atlantic ocean,leicester abandoned in a hurricane,"fatal, 2 men killed by sharks, 20 survived",y
iran,bathing or washing,"fatal, left arm & left buttock severed",y
iran,nan,"fatal, right arm  severely bitten & surgically amputated, died 12 to 14 hours later",y
iran,swimming,"quadriceps lacerated, femur exposed",n
bahamas,spearing a shark,shark that he speared bit his calf     provoked incident,n
usa,swimming,fatal,y
northern mariana islands,swimming,heel bitten,n
iran,"fishing, shark caught in his net","8"" x 4"" left antecubital fossa of muscle & skin removed  provoked incident",n
south africa,"bringing hooked, harpooned shark onboard boat",groenwald's arm lacerated by the shark provoked incident,n
kenya,nan,fatal,y
senegal,nan,fragment of human foot recovered from 300-kg [662-lb] tiger shark,nan
papua new guinea,spearfishing,leg bitten by shark that he had speared  provoked incident,n
usa,"c47 aircraft carrying 5,000 lbs of ice ditched in the sea","fatal womack was injured when plane went down, 3 days later he fell off liferaft & was taken by a shark",y
australia,swimming,"fatal, right thigh & leg bitten",y
australia,surf skiing,"no injury, ski bitten",n
usa,underwater photography,grabbed shark by the tail & it bit him provoked incident,n
new guinea,"fishing, holding fish in right hand",right hand bitten,n
papua new guinea,spearfishing,bitten on face while taking shark off spear provoked incident,n
south africa,fishing,"no injury to occupants, boat holed by shark",n
australia,fishing,leg gashed,n
south africa,nan,"human remains, possibly one of the crew of the wrecked fishing boat john bull found in 277-kg tiger shark",nan
senegal,fishing  diving,"fatal, right thigh bitten",y
australia,fishing,"no injury to occupants, shark made 20 to 30 rushes at dinghy",n
australia,fishing from surf ski,"no injury, ski bumped",n
australia,fishing from surf ski,"no injury, ski bumped",n
australia,swimming,"fatal, leg severed at knee",y
australia,swimming,thighs & knee lacerated,n
australia,nan,fatal,y
australia,fishing in waist-deep water,kneecap removed,n
brazil,swimming,fatal,y
usa,swimming,"fatal, calf bitten, leg surgically amputated",y
usa,fishing,provoked incident,n
australia,diving,suit ripped,n
south africa,swimming,right thigh lacerated,n
greece,jumped overboard,shark involvement  unconfirmed,nan
usa,fishing,"left forearm, arm & leg lacerated",n
australia,fishing,"no injury to occupants, shark bumped & lifted dinghy",n
kenya,swimming,knee grazed,n
south africa,treading water,ankle & shin lacerated,n
south africa,body surfing,"thigh severely lacerated, shin & calf lacerated",n
australia,surfing,"no injury, board scraped by shark",n
pacific ocean,"moving shark from tuna vessel when boat rolled, placing both man & shark in chest-deep water","right arm punctured, finger lacerated provoked incident",n
south africa,wading,"hip abraded, right calf severely lacerated",n
south africa,treading water,lacerations on buttock  &  right foot,n
australia,fishing,"no injury, shark holed boat",n
bahamas,attempting to ride a shark,arm bitten provoked incident,n
brazil,bathing,fatal,y
australia,rowing,"no injury, shark lifted the boat 05 m out of the water",n
south africa,treading water,flexed left leg lacerated,n
australia,swimming near jetty with 2' piece of wood,"forearm & fingers lacerated, teethmarks on wood",n
australia,nan,shark jumped into cockpit,n
australia,pearl diving from lugger,"fatal, right arm severed",y
marshall islands,fishing,fatal,y
australia,swimming,left leg lacerated,n
israel,fishing,laceration to back,n
australia,swimming after a tennis ball,"fatal, body not recovered",y
iran,"fishing, probably with a net",radius & ulna bared,n
iran,swimming,"left achilles tendon severed, calf muscles severely lacerated",n
india,bathing,"""serious injuries""",n
tanzania,swimming,leg bitten,n
australia,swimming,fatal,y
australia,fishing,"no injury to occupants shark charged boat, tore off rudder & tossed it air, then swam off with it",n
australia,fishing,"no injury; shark rammed boat, catapulting leverenz in the sea & damaging boat",n
south africa,treading water,right arm severely lacerated,n
australia,standing,"leg bitten, surgically amputated",n
south africa,swimming,flexed right  knee bitten,n
south africa,treading water,knee & calf lacerated,n
south africa,swimming,foot severely lacerated,n
australia,nan,ankle bitten,n
south africa,jumping in swells,foot bitten,n
australia,swimming,"fatal, left leg severed, right leg injured",y
south africa,body surfing,calf lacerated,n
south africa,nan,"no injury to occupants, shark struck boats+k1581",n
south africa,nan,"shark holed and sank boat, occupants rescued",n
persian gulf,bitten after dhow shipwrecked,"abdomen bitten, but she survived most of the 40 others that survived the wreck, were taken by sharks",n
hong kong,bathing,fatal,y
okinawa,american minesweeper uss yms-472 foundered in a typhoon - swimming to shore,laceration to arm,n
japan,american minesweeper uss yms-350 lost in a typhoon - swimming to shore,fatal,y
iran,swimming,"right forearm injured, mid-humeral amputation",n
iran ,nan,lower left leg amputated,n
usa,nan,fatal,y
philippines,american cruiser indianapolis torpedoed & sunk by the japanese submarine i-58,"about 300  crew perished during the sinking, the remainder abandoned ship many who survived the loss of the ship were taken by sharks in all, only 316 of her crew of 1,196 survived",y
java,"90 european civilians, many women & children, were placed on the deck of a japanese submarine that submerged when it was well offshore",sharks attacked the swimmers the sole survivor lost his arm & foot & died of his injuries shortly after being picked up  by javanese fishermen the incident became known as the cheribon atrocity,y
australia,swimming,fatal,y
usa,swimming,"fatal, large gash to thigh",y
south africa,walking,"right leg bitten knee to foot, surgically amputated",n
israel,swimming,"survived raf pilot, seeing commotion in the water, dived his plane to investigate and scared off shark",n
jamaica,diving,hand severed,n
cuba,"playing on rock, slipped & fell into the water",fatal,y
panama,bathing with her mother,foot bitten,n
iraq,swimming,left foot bitten,n
philippines,swimming near life raft,arm bitten,n
usa,fishing for mackerel,"no injury to occupants after being prodded with an oar, shark struck bow and sank boat provoked incident",n
sierra leone,nan,fatal,y
australia,swimming,probable drowning & scavenging,nan
philippines,"uss gambier bay cve-73  shelled & sunk  at 09h57 on 10241944, by japanes fleet enroute to attack the allied landing force at leyte",when survivors werer rescued on 10271944 by pc 623 there were many sharks in the area,y
philippines,uss hoel dd 533 sunk on 10241944 in the battle off samar 2 crewmen were swimmng alongside a floater net &,"fatal, both were killed by sharks",y
philippines,uss johnston dd 557 sunk on 10241944 in the battle off samara crewmen were swimming beside a raft,"clinton was bitten on his back, 2 others did not survive",y
philippines,parachuted into pacific,"shark grazed leg, leaving toothmarks",n
nan,japanese pow ship arisan maru with 1800 american prisoners of war on board bound for slave labor camps was torpedoed by an american submarine,most of the men drowned & some were taken by sharks only only nine men survived,y
australia,fishing,no injury to occupants; shark bit dinghy leaving tooth fragments in  its woodwork,n
usa,swimming,laceration to right lower leg,n
caribbean sea,fell overboard from us navy pc boat,fatal,y
south africa,swimming,"fatal, body not recovered",y
south africa,swimming,"fatal, body not recovered",y
north pacific ocean,nan,"when picked up by the uss boyd dd 44 on 6231944 his raft was ""surrounded by sharks""",nan
usa,bathing,left calf bitten,n
samoa,nan,minor injury when shark tore off his boot,n
panama,washed overboard by swell,"fatal his back was bitten as he was being towed to ship by rescuer, lieut jg stanley kurta, then the shark pulled him below the surface",y
nicaragua,nan,some killed & others severely injured,y
south africa,treading water,left thigh bitten,n
south africa,standing,"fatal, left thigh & calf bitten",y
south africa,treading water,ankle severely lacerated,n
south africa,treading water,foot & ankle lacerated,n
india,bathing,fatal,y
south africa,body surfing,"fatal, right thigh lacerated, femoral artery severed",y
australia,fishing,"no injury, shark took day's catch & struck boat",n
australia,surfing,"both legs bitten, one surgically amputated",n
south africa,swimming,"fatal, leg bitten knee to ankle & posterior tibial artery severed; died of toxemia 2 days later",y
south pacific ocean,adrift on raft,fatal            arm severed,y
italy,b-24 aircraft crashed  into the sea,fatal,y
new guinea,fell overboard from uss ward,fatal,y
south africa,treading water,"fatal, abdomen, buttock & thigh lacerated",y
usa,the cuban freighter libertad was torpedoed and sunk by the german submarine u-129,"of the 18 crew who survived the sinking, 10 were taken by sharks cabarrocas was bitten but survived",y
south africa,swimming with board,right foot lacerated,n
pacific ocean,the 6711-ton american freighter & troop transport cape san juan was torpedoed by the japanese submarine i-21,"of the 1,429 people on board, only 448 survived sharks were attacking survivors as they were being rescued",y
usa,nan,"hand, forearm, leg and pelvis recovered from 425 m  [14'] shark caught at baker’s haulover, miami beach on 26-oct-1943",nan
panama,dived overboard to check propeller of us navy motor torpedo boat,"fatal, left leg  & shoulder bitten",y
italy,flying fortress bomber aircraft went down after daytime raid on naples he was swimming on the surface,"bitten on arms, hands & feet while awaiting rescue",n
usa,treading water after survivng crash of the us navy airship k-74 that was hit by the german submarine u-134,fatal,y
portugal,fishing for mackerel,no injury to occupants,n
mexico,swimming,"no injury, a shark made a threat display",nan
australia,fishing for cod,"no injury to occupant, shark grabbed rudder and dragged the dinghy stern-first",n
pacific ocean,b-24 crashed during a search mission survivors in raft for 47 days,survived,nan
central pacific,"s2n navy scout plane went down, eh almond & lieut ag reading in water","jaw dislocated & contusions from many blows on legs & body by shark fins, rescued after 14 hours",n
central pacific,"s2n navy scout plane went down, eh almond & lieut ag reading in water","fatal, right leg & left thigh bitten",y
australia,hospital ship centaur torpedoed & sunk by the japanese submarine i-177,fatal,y
indian ocean,ship torpedoed 400 miles off the african coas man was clinging to hatch cover,"leg, foot & arm bitten",n
usa,"small boat swamped, 4  people swimming to shore but he fell behind the other 3 and vanished",on 29-apr-1943 his remains right forearm & swim trunks were found in 49 m [16'] shark’s gut,nan
south africa,swimming,"fatal, thigh lacerated, both calves bitten",y
sierra leone,"the 21,516-ton troopship empress of canada torpedoed and sunk by the italian submarine leonardo da vinci","of the 1346 on board, 392 perished including 90 women & 44 crew 1 person known to have been fatally injured by a shark",y
brazil,the 3540-ton alfonso penna was torpedoed & sunk by the italian submarine barbarigo,"33 crew & 92 passengers were lost, it was thought that some were killed by sharks  fatal",y
papua new guinea,"known as the battle of the bismarck sea :  8 japanese destroyers guarding a convoy of 8 transports were attacked by 129 allied fighters, 207 bombers & 3 squadrons of the royal australian air force","an estimated  3,000 to 7,000 japanese troops perished, some were taken by sharks",y
pacific ocean,the uss wahoo torpedoes & sank the japanese troop transport buyo maru,fatal,y
mexico,swimming,fatal,y
solomon islands,swimming,arm severed,n
iraq,swimming,"right arm severed, left foot bitten",n
usa,spearfishing,calf nipped in each case,n
usa,spearfishing,calf nipped in each case,n
usa,nan,"unprovoked, but circumstances unknown",unknown
australia,dog paddling or standing,"fatal, legs bitten",y
south africa,u-177 torpedoed & sank the troopship nova scotia,"192 survived, but 750 perished many were taken by sharks, including levine",y
south africa,swimming,"calf bitten, leg surgically amputated",n
solomon islands,thrown from destroyer when shell hit,hip bitten,n
indian ocean,"on 6-nov-1942, the german submarine u-68 sank the city of cairo 5 days from cape town, survivors took to lifeboats & rafts on the 15th day, a fireman jumped over the stern & was taken by sharks",fatal,y
solomon islands,"anti-aircraft cruiser uss atlanta cl,-05 travelling in convoy after the battle of midway, encountered a japanese flotilla  battle of guadalcanal &, heavily damaged by gunfire, she was lost off lunga point victim was swimming when bitten","injured by sharks, but managed to swim ashore 65 hours later",n
solomon islands ,explosion & sinking of the uss juneau after being torpedoed by the submarine  i-85,"over a period of a week men in the water died of wounds, thirst & sharks george sullivan, the last of the sullivan brothers, survived for 5 days & then was killed by 3 sharks",y
solomon islands,nan,fatal,y
south africa,swimming,"fatal, body not recovered",y
pacific ocean,in rubber dinghy with captain eddie rickenbacker for 21 days,one man drove a knife through rubberized canvas trying to stab a shark & it injured him with its tail provoked incident,n
nan,"dutch merchant ship zaandam torpedoed  by the u-174 amidships, sank & dozens of survivors took to rafts & boats one man, izzi, who drifted 83 days on a raft related that sharks attacked many men in the water when the ship went down",fatal,y
solomon islands,"his ship, the us destroyer duncan dd 485, had been  sunk by crossfire from japanese warships he was wearing a kapok lifejacket & using 2 aluminum powder tins for floatation","foot, hand, elbow & calf lacerated & abraded, thigh gashed",n
atlantic ocean,the 6015-ton british ship empire avocet was torpedoed by the german submarine u-125,survivors on life rafts were harassed by sharks,n
atlantic ocean,"the pacquebot laconia, enroute to liverpool with 600 italian prisoners onboard, was torpedoed by the german submarine  u-156 and only 2 rafts were launched before the ship went down unable to board an overcrowded raft, he was swimming","calf lacerated he was rescued by german submarine, which sunk rescued by italian submarine, which sunk managed to reach dakar",n
australia,treading water,"right foot severed & calf removed, leg  surgically amputated below the knee",n
southwest pacific ocean,adrift on life raft,"fatal, 2 of the 9 airmen killed by sharks",y
solomon islands,japanese aircraft shot down he was one of two survivors rescued by the us destroyer mugford,lacerations to left arm,n
atlantic ocean,the ss potlach was torpedoed & sunk by the u-153 on 27-jun-1942,fatal arm bitten,y
italy,sculling,"after he hit the shark with an oar, the shark bit the oar and overturned the boat  provoked incident",n
bay of bengal,a 210-ton brig was sunk by a japanese submarine some of the survivors were machine-gunned & some were taken by sharks,fatal,y
brazil,boat capsized during filming,"remains  recovered from 440-lb shark, but cause of death was probably drowning",nan
usa,"plane crashed in water, men in life raft",survived,n
nan,on life raft tethered to lifeboat a seaman put hand over side to rinse a cup,forearm lacerated,n
australia,diving from lugger,"hands, arms & knee lacerated",n
indian ocean,hms cornwall & hmsdorsetshire sunk by japanese dive bombers officers & men in the water formed a circle with 60 of their dead in the center for 36 hours,sharks were numerous & took corpses but made no attempts to harm the survivors,nan
cuba,esso bolivar was torpedoed & shelled by the german submarine u-126,"of her crew of 50, eight perished, including the two injured men",y
australia,nan,"cause of death was drowning, shark bites were post mortem",nan
australia,nan,paddle of surf ski bitten by shark,n
australia,swimming,"fatal, bitten in two",y
australia,surf-skiing,attempted to frighten shark by smacking water with paddle shark bit paddle  no injury to surf-skier provoked incident,n
indonesia,captured allied soldiers were squeezed into 3' bamboo pig baskets & fed to waiting sharks,"general imamura, commander in chief of japanese forces in java was sentenced to 10 years imprisonment by australian military court for his role in the ""pig basket atrocities""",y
australia,fishing for perch,"no injury to occupants, rudder damaged by shark",n
philippines,"sailing from gingood, misamis oriental to sagay normally a 2-day voyage capsized with 6 on board, three men were taken by sharks when they attempted to swim to shore",fatal,y
south africa,nan,"no injury to occupants, boat rammed by shark",n
south africa,nan,no injury,n
bahamas,swimming along side nel vessel saluda,"minor injury, ankle scratched by shark's teeth",n
nan,jumped overboard from torpedoed panamanian freighter,fatal,y
mid-pacifc ocean,"plane forced down, 3 men on rubber life raft put hand over side to feel drift of boat","fingers badly lacerated, wounds became septic",n
southwest pacific ocean,ditched plane in the sea & were adrift on a rubber life raft,"no injury to occupants, they fought off sharks & killed one with an automatic rescued 34 days later",n
nan,"days before the surrender of singapore, the 3 men escaped to sumatra where they acquired a 17' dinghy after 125 days at sea they drifted back to sumatra","no injury to occupants sharks continually followed the dinghy, and one smashed its rudder",n
panama,swimming,"fatal, body not recovered",y
south atlantic ocean,torpedoed & burning british  light cruiser with a crew of 450 men,"only 170 survived, many of the crew were said to have been taken by sharks",y
australia,swimming,right ankle bitten,n
south atlantic ocean,hmas parramatta torpedoed & sunk by the u-559,right hand severed,n
south atlantic ocean,hmas parramatta torpedoed & sunk by the u-559,lacerations to chest,n
south atlantic ocean,british cruiser dunedin torpedoed & sunk by the u-124,"418 perished, only 67 survived, some of the men were taken by sharks",y
australia,german raider kormoran was sunk in an engagement with hmas sydney,leg bitten,n
caribbean sea,ss ethel skakel foundered in central america hurricane of 1941,leg lacerated fatal,y
usa,fishing,laceration to left forearm from hooked shark provoked incident,n
australia,swimming,shark involvement prior to death unconfirmed,nan
usa,swimming at edge of channel,chest lacerated,n
usa,fishing for tuna,"no injury to occupants, shark leapt into boat & bit cabin door",n
usa,fishing,arm bitten while removing shark from fishing line provoked incident,n
usa,fishing from 32' boat,left hand bitten as he tried to put rope around shark's tail provoked incident,n
pacific ocean,"ditched aircraft, 3 men in the water swam for 31 hours","1 man survived & was rescued, sharks took the corpses of the two men that perished",y
south atlantic ocean,the troopship britannia was sunk by the german raider thor,dr ar hernandez of ship cabo hornos treated passenger whose leg was severed by a shark,n
usa,fishing,right hand bitten by boated shark provoked incident,n
australia,fishing,hand lacerated by hooked shark provoked incident,n
jamaica,seine netting,"left knee, calf & heel bitten by shark trapped in the net provoked incident",n
south atlantic ocean,rescuing seaman after ship sunk by german raider,clothing torn by sharks,n
atlantic ocean,adrift on raft after their ship was sunk by an axis raider,fatal,y
solomon islands,floating,buttock bitten,n
iran,standing,fatal,y
iran,nan,fatal,y
iran,nan,"survived, but suffered a “forequarter amputation”",n
iran,slipped off rocks and fell into the water,"fatal, both arms bitten",y
iran,standing,fatal,y
papua new guinea,nan,"foot severely bitten, surgically amputated",n
australia,standing on sandbank,"fatal, injuries to lower back",y
south africa,swimming,"fatal, multiple injuries to legs & buttocks",y
australia,fishing,minor injury to leg,n
australia,collecting fish in military trap when bitten by captured shark that had been shot by soldiers with garten,leg severely lacerated provoked incident,n
panama,bathing,fatal,y
usa,standing,ankle bitten,n
usa,standing,struck by shark immediately before it bit tanner see below,n
usa,fishing,thigh lacerated,n
south africa,treading water,"fatal, right thigh & calf bitten",y
australia,free diving for lobster,minor injuries to foot,n
south africa,swimming,"fatal, left thigh & knee bitten",y
australia,canoeing,"no injury shark grazed canoe, snapped at a piece of mast being trailed in the water & followed it into 2' of water",n
australia,wading,"fatal, injuries to both arms",y
australia,dived into the water,shoulder nipped,n
australia,swimming,"fatal, left leg severed",y
australia,swimming,chest lacerated,n
south africa,swimming,"fatal, leg & thigh bitten",y
australia,diving for trochus,thigh  lacerated,n
slovenia,boating,"no inury to occupants, shark struck boat",n
new guinea,nan,fatal,y
papua new guinea,male,hand bitten,n
south africa,swimming,no details,nan
south africa,nan,fatal,nan
south africa,standing in water with child in her arms,leg bitten,nan
australia,swimming,abrasion above knee,nan
australia,swimming,"fatal, left foot & right leg bitten, later surgically amputated",y
australia,nan,no injury,n
australia,nan,boat bitten by gaffed shark provoked incident,n
australia,nan,no details,unknown
australia,nan,no details,unknown
samoa,fishing,fatal,y
australia,"free diving for trochus shell, swimming to dinghy","both thighs were lacerated, recovered at thursday island hospital",n
usa,spearfishing & had just speared a ulua,hand bitten,n
australia,pearl diving,"leg severely bitten, surgically amputated",n
usa,fishing,harpooned shark bit his arm provoked incident,n
pacific ocean,japanese freighter bokuyo maru burned & sank,thought to have been taken by a shark,y
bahamas,"dress diving, filming shark & pulling it through the water for a motion picture scene",minor injury to shoulder & back provoked incident,n
usa,seine netting,leg bitten by snared shark provoked incident,n
usa,washed off freighter huncliff by a freak wave,"fatal, attacked by shark, body not recovered",y
papua new guinea,dived for a coin,fatal,y
papua new guinea,dived for a coin,"fatal, leg severed just below hip",y
india,bathingswimming,fatal,y
new zealand,fishing,lacerations to left hand from hooked shark provoked incident,n
australia,scooping prawns,no injury,n
sri lanka,she was on a ship that was torpedoes & was in the water awaiting rescue,leg severely bitten,n
bahamas,fishing,"no injury to occupant, shark rammed bow of boat",n
venezuela,bathing,fatal,y
curacao,diving,"no injury, left hip bumped by shark",n
papua new guinea,swimming to anchored boat,"fatal, lower abdomen bitten",y
australia,swimming,"fatal, thought to have been taken by a shark",y
australia,fishing,laceration to left foot & ankle by netted shark provoked incident,n
china,swimming alongside warship   tsingt-ao,"fatal, leg severed",y
usa,fishing,lacerations to hand by hooked shark provoked incident,n
usa,swimming,foot & ankle lacerated,n
turkey,fishing,injured by harpooned shark provoked incident,n
usa,"fishing, removing gaff from shark's mouth",leg bitten by gaffed shark provoked incident,n
australia,"hardhat diving from japanese pearling lugger, reiyo maru","fatal, dragged out of diving helmet",y
nicaragua,"the schooner elizabeth, bound from bluefields, nicaragua to the river port of san carlos foundered","fatal x 2, all other passengers & crew reached shore after a long swim",y
australia,hardhat diving,"no injury, the shark knocked him off his feet",n
costa rica,fishing,"fatal, pulled overboard by tuna, & bitten by shark",y
iraq,"swimming, naked","arm severed, but survived note: some weeks later he was swimming at the same spot when a shark severed his right foot",n
india,bathing,"2 survived,       1 fatal",y
fiji,wading,unknown,n
australia,canoe capsized by shark,"leg severed, but survived",n
australia,fishing,thumb bitten by landed shark provoked incident,n
south africa,"watching seine netters with friends, one of whom picked up a netted shark",leg bitten provoked incident,n
australia,diving off jetty,superficial lacerations on feet & toes,nan
australia,surf skiing,"no injury, ski bumped & he was thrown in the water ski had indentations",n
egypt,sponge diving,fatal,y
trinidad & tobago,body surfing,left hand and arm bitten,n
usa,fishing,"no injury, boat towed by harpooned shark, provoked incident",n
australia,diving,leg severed above knee,n
south africa,swimming,"""mauled""",n
usa,"tzenny chandris, a greek freighter laden with scrap iron, foundered in heavy weather",fatal,y
australia,diving for trochus,fatal,y
solomon islands,"two canoes with 14 aboard blown to sea in a storm while adrift for 3 week, one person fell overboard and was killed by a shark",fatal,y
australia,swimming,fatal,y
australia,swimming,fatal,y
australia,swimming near jetty,tooth imprints on torso,n
australia,surf skiing,"no injury, repulsed shark",n
croatia,fishing,injured by shark they were trying to catch provoked incident,n
scotland,pleasure boating,"no injury to occupants, two 5-foot observation windows shattered",n
scotland,fishing,"no injury to occupants, propeller shaft damaged",n
scotland,rowing,3 people drowned when the boat was capsized by the shark,n
australia,"diving from the lugger san, operated by the protector of the aborigines","head, neck & shoulder bitten in 1918, he was also bitten by a shark off cairns",n
turkey,swimming,"no injury, no attack",nan
panama,swimming,fatal,y
australia,pearl diving,fatal,y
italy,nan,no injury,nan
greece,nan,fatal,y
australia,"fishing from launch, fell into net with shark",bitten by netted shark provoked incident,n
usa,swimming,fatal,y
usa,fishing,leg nipped by hooked shark provoked incident,n
australia,"refused permission to cross on the ferry, he was swimming across the river","fatal, left arm severed at elbow, right arm bitten, right leg severed at knee",y
australia,bathing,his body was recovered 2 days later but shark involvement prior to death was not confirmed,nan
australia,swimming,shark involvement prior to death was not confirmed,nan
australia,swimming,"fatal, buttocks, ankle & right elbow bitten",y
australia,swimming ashore after launch capsized,foot bitten,n
australia,fishing,"no injury to occupants, launch holed",n
australia,fishing,left shoulder bitten by netted shark provoked incident,n
australia,12 of the penang's crew were returning to the ship when their 12' dinghy capsized,"15' shark seen with the man's body in its mouth, but shark involvement prior to death was not confirmed",nan
australia,holding shark's tail,bitten on forearm provoked incident,n
australia,nan,survived,n
usa,"diving, attempting to retrieve body of drowning victim wedged between rocks",thigh lacerated,n
australia,sculling,"no injury to occupant shark damaged scull, tooth fragments recovered",n
australia,fishing for the shark that killed george lundberg,hooked shark bit rudder provoked incident,n
australia,swimming,"fatal, leg severed at knee",y
australia,fishing,"fatal, his 24 m dinghy was found with 2' x 3' hole in its side & tooth fragments embedded in the planking",y
australia,spearfishing,speared shark bit his hand provoked incident,n
vietnam,wreck of a sampam,fatal,y
usa,swimming,leg lacerated,n
australia,"trochus diving, but floating on surface",flexed right leg bitten,n
iceland,swept overboard,"bond's foot was injured, kinch's back was injured",n
canada,fishing for cod,"no injury to occupants, hooked shark leapt onboard boat provoked incident",n
australia,pearl diving,torso bitten,n
usa,fishing,shark rammed boat; no injury to occupants,n
usa,swimming crawl stroke,"fatal, finger severed, thigh bitten he died during the surgical amputation of his leg",y
usa,fishing for bluefish,"no injury to occupants, shark leapt onboard boat",n
australia,diving,survived admitted to thursday island hospital,n
south africa,"fishing, catching snoek, thyrsites atun","shark leapt onboard & into fishwell, tossing a crew member, pepino, in the sea",n
australia,"diving for trochus , but swimming on surface",fatal,y
usa,swimming,fatal,y
australia,diving for trochus,"arm & back bitten, heel lacerated",n
australia,diving,arm severed,n
usa,fishing,no injury his hand entangled in line of hooked shark he was pulled overboard & towed 150' provoked incident,n
australia,among 31 survivors of crew from the sampan fukulya maru which reached thursday island in rowing boat was a man whose arm had been bitten off by shark the sampan wrecked west of mcarthur island,survived,n
australia,diving for trochus,right forearm lacerated,n
australia,rowing,"no injury to occupants, shark almost wrenched oar from aborigine",n
australia,touching the mouth of a supposedly dead shark,finger bitten provoked incident,n
australia,sculling,"no injury, scull sank",n
australia,swimming,"fatal, taken by shark, body not recovered twenty months later, in october 1937, meshing setting anti-shark gill nets began  at metropolitan beaches",y
australia,"swimming passer-by, len bedford, heard him shriek , saw shark leap from the water & swimmer disappeared",fatal,y
australia,surfing,disappeared & his torn clothing washed ashore,nan
australia,paddleskiing,"he tried to hit shark with paddle, shark bumped  ski  provoked incident",n
australia,swimming,fatal,y
australia,cruising,"harpooned shark stove in bow 20"" x 10"" hole, boat sank provoked incident",n
australia,diving,back & arm gashed but survived,n
usa,swimming,"fatal, thigh bitten",y
papua new guinea,swimming,fatal,y
australia,"fell overboard, hanging onto lifebuoy","fatal his body was not recovered, but about 3 weeks later 2 sharks were caught with human remains, thought to be those of quinn",y
united kingdom,fishing,"the hooked shark didn't cut his finger, he was injured by his line",nan
australia,diving for beche-de-mer from lugger,"fatal, right buttock & thigh bitten",y
usa,fishing boat exploded & sank,"although listed as an uprovoked fatal attack by saf, shark bite on his ankle was post-mortem following death by drowning",nan
usa,fishing boat exploded & sank,"although listed as  an uprovoked fatal attack by saf, he was killed by the explosion the shark bites were post-mortem",nan
panama,"fishing with dynamite, afterwards in water retrieving catch","fatal, leg severed",y
croatia,swimming,fatal,y
usa,"fishing for bluefish, shark leapt into dory",arm lacerated by a shark that leapt onto boat,n
solomon islands,fishing,fatal,y
australia,nan,shark bumped dinghy twice,n
papua new guinea,nan,"samoan missionary, filemani, caught an 8'6"" shark after it had killed 1 man & 2 boys in space of few weeks",n
south africa,put foot inside a landed & supposedly dead shark,"foot bitten, required 1 week hospitalization provoked incident",n
australia,pearl diving,3 gashes on hand & wrist,n
australia,"disappeared 11 days earlier, probable homicide victim",captive tiger shark regurgitated his arm in the coogee aquarium,nan
nan,diving,laceration to left leg,n
usa,nan,laceration to hand,n
australia,diving from dinghy for trochus shell,buttocks injured by fin or a bump,n
south africa,put foot inside mouth of supposedly dead shark,injury to foot    provoked incident,n
australia,"pearl diving, but standing in the water",left thigh abraded & 3 fingers lacerated,n
australia,hauling in net with shark in it,calf & shin bitten  provoked incident,n
australia,surfing,abrasions to shins,n
australia,swimming,"fatal, left thigh, buttock, left forearm bitten, finger removed",y
australia,standing,"fatal, thigh bitten",y
australia,surfing pneumatic surfboard,"thigh lacerated, abrasions",n
australia,fishing,"no injury, sleeve ripped",n
australia,fishing for sharks,no injury to occupants,n
israel,nan,human remains washed ahore,nan
australia,nan,no injury; onlookers saw 10' shark heading for him and lifted him ashore,nan
australia,splashing,hands severed,n
australia,swimming lead swimmer in race,"fatal, left leg bitten",y
australia,taken as he dived into the water,fatal,y
australia,swimming & splashing,leg injured,n
australia,bathing,fatal,y
bermuda,fishing,arm bitten by hooked shark provoked incident,n
australia,freediving for trochus shell submerged,"fatal, forearm lacerated & surgically amputated, but died of gas gangrene 13 days afterwards",y
bermuda,fishing,right foot bitten by shark caught & taken onboard  by mrs tucker north provoked incident,n
italy,fishing on a boat,no injury to occupants,n
italy ,swimming,"reported  to be fatal and involve a 6m white shark, but found to be a false report; there was no attack",nan
australia,dived into sea from launch & bitten immediately,"fatal, body was not recovered",y
croatia,swimming,fatal,y
usa,swimming,lacerations to right leg,n
australia,fishing,"no injury to occupants sharks continually followed the dinghy, and one smashed its rudder",n
australia,fishing,hand bitten while landing shark provoked incident,n
usa,standing,fatal,y
australia,body surfing,leg lacerated & punctured,n
south africa,swimming,fatal,y
south africa,swimming,right thigh lacerated,n
australia,swimming in waist-deep water,"fatal, right leg lacerated",y
australia,swimming in hip-deep water,"fatal, leg & buttocks removed",y
australia,fishing,"no injury to occupants, hooked shark, snapped at rudder & then attacked boat provoked incident",n
australia,splashing in water,"lacerated knee & foot, deep puncture wounds",n
chile,fell into the water,fatal,y
turkey,fishing,no injury,n
australia,swimming outside the safety enclosure attempting to retrieve a tennis ball drifting toward midstream,"bumped, chest bitten & badly injured",n
australia,swimming on sandbar adjacent to channel,severely lacerated  right leg  later surgically amputated & survived despite gas gangrene,n
philippines,diving,minor wounds to thigh,n
australia,free diving for trochus,"fatal, right buttock & thigh bitten",y
australia,pearl diving,"hand badly injured, right arm surgically amputated above wrist",n
australia,diving,hand severed,n
israel,fishing,"one man bitten on thigh, another on arm",n
usa,"fishing, caught a 15' shark & took it onboard",severely lacerated arm provoked incident,n
usa,bathing,right heel & ankle bitten,n
usa,swimming,foot bitten,n
usa,nan,survived,n
australia,pearl diving,"no injury, shark tore diving suit",n
usa,sitting in 3' of water,right knee & left leg bitten,n
usa,standing,left calf bitten,n
australia,fishing,"no injury, ""shark chased him ashore""",nan
barbados,yacht of michael howell capsized,"5 survived  & 4 perished, but shark involvement not confirmed",y
australia,fishing,laceration to lower leg by netted shark provoked incident,n
australia,treading water,lacerations to legs from fins of shark,n
cuba,swimming to shore from capsized sailboat,fatal,y
usa,swimming,fatal,y
australia,standing on his hands,abrasions to legs,n
australia,diving for trochus  from dinghy when seized by shark 6' below the surface,"injuries to arm, shoulder & chest, took 2 days to reach hospital",n
australia,nan,no injury to occupants shark leapt into boat during sailing races,n
australia,fishing,forearm injured by hooked shark provoked incident,n
australia,swimming,severe abdominal wounds fatal note: 14 days earlier a dog was bitten in two by a large shark,y
australia,nan,leg bitten,n
new zealand,fishing,laceration to hand  provoked incident,n
cuba,hurricane & tidal wave,nan,unknown
australia,swimming,"torso bitten with pneumothorax, slight lacerations on left hand",n
cape verde,swimming,fatal,y
fiji,catching a turtle,left arm severely bitten,n
australia,nan,hand bitten by landed shark provoked incident,n
australia,nan,bitten by landed shark provoked incident,n
usa,fishing,hooked shark gashed right leg      provoked incident,n
australia,pearl diving,bitten on buttock & leg,n
bahamas,on expedition filming a feature movie & standing on tripod,"no injury, hooked shark rammed tripod provoked incident",n
usa,nan,body recovered  from 9' shark but death due to shark bite was not confirmed,nan
canada,"fishing, hauling in fishing gear","no injury to occupants, shark bumped boat repeatedly",n
usa,fishing,knee bitten by boated shark provoked incident,n
usa,fishing,ankle broken when 500-lb boated shark lashed him with its tail provoked incident,n
fiji,free diving with goggles,fatal,y
australia,pearl diving,fatal,y
australia,pearl diving,severe injury to forearm near elbow,n
philippines,standing,"fatal, torso bitten",y
philippines,standing,"fatal, torso bitten",y
usa,swimming,two 6-inch lacerations,n
australia,fishing with dynamite,foot bitten,n
philippines,working near fish traps,"fatal, died next day at 03h00",y
australia,swimming,thigh bitten,n
australia,fishing,no details,unknown
mexico,fishing,hooked shark capsized rowboat & the 2 men were drowned provoked incident,y
south africa,collecting fish by lamplight in gully,"right shin, calf and sole of foot lacerated",n
australia,diving for trochus from lugger,left foot acerated,n
jamaica,diving off wharf,fatal,y
usa,swimming,minor injury,n
usa,swimming,right thigh & calf lacerated,n
usa,fishing,"swept out to sea by strong currents, his remains found in a 55m shark caught off barber’s point",nan
cuba,swimming,fatal  wire netting installed at local beaches after this incident,y
usa,nan,"""mysteriously disappeared"" his body was found in an 18', 750-lb shark caught at barber's point on 01-sep-1931",nan
usa,fishing for bluefish,no injury to occupants shark chasing fish struck boat,n
cuba,swimming a quarter mile offshore,"fatal, right leg bitten",y
cuba,swimming,"fatal, ""rescuers saw shark trying to drag him under by the leg""",y
usa,swimming,minor injury,n
usa,swimming,survived,n
australia,fell overboard,fatal,y
fiji,swimming,multiple injuries,n
usa,swimming,nipped on leg,n
usa,"fishing, had just speared a ulua",survived,n
usa,gaffing & attempting to bring onboard a harpooned shark,tip of finger amputated provoked incident,n
usa,crabbing,lacerations to fingers,n
australia,nan,no injury to occupants; oar & rudder bitten,n
nan,"fishing, boat capsized",fatal,y
australia,fishing with a cast net,"fatal, left thigh severely bitten",y
turkey,fishing,"no injury to occupants, shark crushed boat",n
australia,"fishing, hauling in net, shark in net","finger lacerated, provoked incident",n
australia,swimming,death may have been due to drowning,nan
australia,nan,recovered,n
australia,pearl diving,"thigh, kneecap & lower leg badly lacerated",n
australia,swimming,severe bump & few superficial wounds,n
tonga,"swimming, carrying tin can with mail to steamer","fatal, thereafter canoes were used to carry the mail",y
papua new guinea,nan,no details,unknown
australia,swimming,"bumped by shark, legs abraded",n
australia,fell overboard,fatal,y
australia,fishing,no injury to occupants; shark seized gunwale & tried to overturn boat,n
australia,nan,fatal,y
australia,thrown into water from fishing dinghy,laceration to leg,n
honduras,swimming,fatal,y
azores,nan,"no inury to occupants, shark struck boat",n
australia,fishing,minor injury,n
spain,swimming,leg bitten,n
usa,swimming,lacerations to foot & ankle,n
cuba,swimming,"right arm & leg bitten, arm & leg surgically amputated",n
usa,swimming,arm lacerated from shoulder to wrist,n
australia,nan,fatal,y
usa,swimming  floating,lacerations to arm,n
turkey,fishing,no injury but shark damaged boat,n
costa rica,air disaster,shark involvement prior to death was not confirmed,nan
south africa,nan,"remains of drowning victim recovered from 250-lb female ""blue fin"" shark",nan
usa,sponge diving,no injury to diver but shark left 3 toothmarks in his helmet,n
australia,pearl diving,arm & chest injured,n
australia,diving off pier & treading water,fatal,y
australia,removing shark from a trap,laceration to thigh from trapped shark provoked incident,n
mexico,fishing schooner jose luis foundered,remains of one of the crew found in shark,y
south africa,swimming,torso & arm bitten,n
mauritius,swimming to shore after a squall  capsized their motorized shark fishing boat,five men were said to have been killed by sharks,y
okinawa,nan,survived,n
south africa,swimming,fatal,y
australia,diving by wharf,"fatal, left arm severed above elbow, lacerations on chest, right thumb severed, left thigh lacerated to bone, abrasions",y
australia,diving,recovered at thursday island hospital,n
australia,bathing or body surfing,superficial lacerations on right leg,n
australia,pearl diving,injuries to chest & arm,n
nan,nan,fatal,y
australia,nan,fatal,y
kiribati,"sea disaster, wreck of the  ss norwich city","11 of her crew perished, most, possibly all, deaths were due to drowning",y
cuba,fishing,"shark attacked his boat, threatening to capsize it he jumped overboard & shark bit his arm he knifed & killed shark later his arm was surgically amputated",n
australia,pearl diving,heel injured,n
spain,fishing,arm injured when sharks rammed his boat,n
australia,fell from wharf into water & attacked immediately,"fatal, severe injuries to both legs",y
usa,bathing,left foot & ankle bitten,n
mexico,swimming,right leg severed below knee,n
cape verde,nan,body of woman recovered from 15' shark,nan
usa,fishing,leg bitten by hooked shark provoked incident,n
australia,pearl diving,"injuries to both legs, buttocks, back, lower abdomen & chest",n
australia,diving for trepang,thigh bitten,n
australia,diving for trochus,lacerations to right wrist,n
australia,standing in knee-deep water,right calf severely bitten by shark caught in the net provoked incident,n
australia,nan,fatal,y
australia,swimming between boats,fatal,y
usa,swimming,right sole & toes lacerated,n
australia,bathing,fatal,y
australia,launching rowboat through the surf,foot bitten,n
australia,launching rowboat through the surf,legs bitten,n
australia,body surfing,"fatal, both thighs lacerated, right foot, fingers and knee abraded, died of sepsis",y
australia,canoeing,"no injury, shark pushed canoe from jetty to a point 100 m away",n
australia,swimming,"fatal, right thigh bitten, femoral artery severed",y
australia,swimming,"fatal, right buttock lacerated, left arm severed above elbow,  right forearm severed by shark, both arms surgically amputated",y
new zealand,bathing,"one was bitten on the leg, the other on the arm",n
australia,body surfing,"fatal, right thigh & hip bitten",y
turkey,fishing boat,fatal,y
fiji,diving for coins thrown from ship ss moeraki,"fatal, hand severed, both legs & arms bitten & nearly severed",y
australia,swimming,"later found to be fiction, never happened",nan
australia,"wading, netting fish",bitten below the knee,n
usa,fishing,thigh lacerated by hooked shark provoked incident,n
australia,nan,hand lacerated,n
usa,hardhat diving,"“put hand through hatch, shark nearly bit off thumb”",n
australia,pearl diving,injuries to arm,n
usa,fishing,"fishermen were cut & bruised by netted, harpooned and gaffed  sharks provoked incident",n
india,nan,"no injury to occupants, shark bit keel",n
usa,"sea disaster, sinking of the  ss vestris",fatal,y
panama,swimming,"fatal, multiple injuries including evisceration, 3 fractures of right arm, 5 fingers  & leg severed below knee",y
usa,fishing,knee bitten,n
usa,nan,thumb & coat sleeve recovered from shark's gut,nan
australia,pearl diving,injuries to chest,n
italy,watercraft,"no injury, shark approached the boat, he hit it with and oar and fell into the sea provoked incident",n
usa,swimming,bitten on leg,n
india,nan,no details,nan
australia,fishing,severe lacerations to arm,n
australia,treading water,tissue of left leg stripped from knee to ankle,n
jamaica,diving,fatal,y
australia,bathing,lacerations to right leg,n
australia,standing in waist-deep water,"fatal, right hand severed, large lacerations on thigh",y
australia,nan,hip bitten,n
australia,pearl diving,fatal,y
costa rica,swimming,right leg severely lacerated surgically amputated,n
costa rica,swimming,right leg & hand severely lacerated,n
australia,retrieving meat from a cage in the water,fatal,y
usa,swimming,body not recovered,nan
usa,jumped overboard and swimming,"fatal, presumed taken by sharks",nan
south africa,nan,leg lacerated,n
south africa,body surfing,foot bitten,n
south africa,standing,"tissue of right thigh removed to the bone, both thumbs & some fingers severed",n
south africa,swimming,"fatal, leg bitten",y
australia,the steamer tahiti collided with the ferry greycliffe,40 people perished,y
brazil,italian liner principessa mafalda sank,"of 1256 on board, 295 perished, some were taken by sharks",y
australia,riding horseback across the creek,no injury to man or horse,n
fiji,"standing, collecting bananas",leg bitten he survived,n
australia,nan,"no injury to occupants, boat was bumped & lifted 2' out of the water by the shark",n
philippines,sea disaster,"55  perished, some were  taken by sharks",y
australia,walking,fatal,y
australia,diving,extensive injuries to left leg,n
australia,pearl diving,leg injured,n
australia,body surfing  treading water,"right buttock & thigh bitten, thumb removed",n
nicaragua,feeling the shark’s teeth,"sharks’s jaws snapped shut, lacerating his right hand provoked incident",n
australia,attempting to rescue drowning man,"no injury, but trouser leg shredded by shark",n
new zealand,fishing,severely bitten by shark caught 30 minutes earlier  provoked incident,n
south africa,body surfing,both thighs  lacerated,n
usa,swimming,lost hand,n
australia,swimming,"fatal, leg bitten from thigh to ankle",y
australia,swimming,"fatal, shoulder bitten",y
australia,pearl diving,shoulder bitten,n
australia,diving for trochus,fatal,y
australia,diving,arm injured,n
papua new guinea,jumped into the water,"fatal, abdomen bitten",y
australia,bathing,"3"" laceration to leg",n
bermuda,british patrol boat 1250-ton hms  valerian foundered in a hurricane,"of 104 people in the water, only 20 survived 84 people were lost, many to sharks sharks 2 pulled crew off life rafts",n
papua new guinea,jumped out of canoe,fatal,y
usa,swimming,fatal,y
italy,swimming,"fatal, body was not recovered",y
usa,fishing,no injury to occupants,n
usa,swimming with dog near canning factory,leg & hand lacerated and dog bitten,n
spain,bathing,no injury,nan
usa,swimming,"fatal, gave sudden shriek & disappeared, body found in shark caught off kahuka",y
south atlantic ocean,fell overboard from ss ripley castle,when taken back on board 2 hours later both legs were bleeding from shark bites,n
usa,swimming,right leg bitten thigh to heel,n
australia,swimming,fatal,y
south africa,swimming,thigh lacerated,n
australia,nan,leg lacerated,n
monaco,nan,fatal,y
new zealand,shark hoisted on board liner tahiti,"struck on head by shark’s tail, knocked unconscious & deep gash in head provoked incident",n
singapore,dived onto shark from floating stage,"fatal, femoral artery severed",y
south africa,swimming to mail boat,no details,unknown
australia,floating on his back,"fatal, thigh  & torso bitten, then shark charged rescue boat",y
usa,nan,laceration across abdomen,n
usa,nan,both calves lacerated,n
spain,fishing,right hand bitten by hooked shark provoked incident,n
england,fishing,no injury but shark lifted boat out of the water,n
usa,swimming,"multiple lacerations on both thighs, right buttock and hip",n
australia,nan,human arm found in shark,nan
usa,nan,"right arm nearly severed at shoulder, left wrist lacerated",n
australia,bathing in waist-deep water,"left thigh bitten, leg surgically amputated",n
australia,swimming,"fatal, right forearm severed, lacerations from buttocks to heel l",y
papua new guinea,swimming,fatal,y
usa,swimming,lacerations to arm,n
canada,"diving, repairing water main at depth of 90'","injuries, if any, unknown, but afterwards diver stunned shark with iron bar",n
fiji,diving for coins tossed from passenger ship,"both arms bitten, surgically amputated",n
mexico,the ward liner esperanza stranded during a gale & she leapt overboard to rescue her dog which had been swept overboard,fatal,y
panama,"inebriated, woke from sleep and fell off deck into the water",knee bitten,n
usa,bathing,"fatal, hand severed, both legs & arms bitten & nearly severed",y
french polynesia,pearl diving,abrasions provoked attack,n
australia,bathing,leg bitten,n
usa,standing,left knee & leg bitten tooth fragment recovered from kneecap,n
england,fishing for mackerel,arms broken by hooked shark provoked incident,n
usa,fishing,"no injury, shark tore hole in the side of the boat",n
usa,removing shark from a net,netted shark made a5-inch incision above the knee provoked incident,n
australia,"fishing, fell in water & swimming strongly to shore","fatal, partial remains recovered",y
panama,"floating, after falling or jumping off the standard oil tanker frederick w weller","reported to have had ""2 fights with sharks"" before being rescued by the british freighter dorsetafter 23 hours in the water",n
australia,swimming,abrasions,nan
solomon islands,swimming,"left arm severed, leg bitten",n
spain,fishing,"no injury to occupants, shark bit boat",n
australia,bathing in 5' of water,"legs severely bitten, surgically amputated",n
australia,bathing,probable drowning & scavenging,nan
south africa,swimming,fatal,y
south africa,swimming,foot lacerated,n
australia,had just dived into water & was swimming,"fatal, right thigh severely bitten, left arm lacerated",y
australia,swimming,lacerations to leg,n
australia,"fishing, standing in waist-deep water","fatal, disappeared, thought to have been taken by a shark",y
australia,dry shelling,"fatal, disappeared, partial remains of selim was found, there was no trace of dea opre",y
australia,fishing,fatal,nan
australia,sailing,"he failed to return, his body was recovered 1191922; chest & abdomen had been bitten by sharks",nan
australia,fishing,"no injury to occupants, shark bit boat",n
australia,pearl diving,"arm severed, but survived",n
guyana,fishing,puncture wounds to left leg,n
australia,diving for pearl,non-fatal,n
australia,"after rowing skiff was holed by shark, he was attempting to swim ashore","fatal, taken by shark two other men drowned,  only 1 man survived",y
mexico,dismantling cable buoys of the cable ship all america,"no injury to occupants, shark rammed boat",n
australia,wading,minor puncture wounds to foot,n
australia,diving,fatal,y
australia,diving,lacerations to right thigh and knee,n
usa,swimming,"right calf, right side of abdomen & left wrist & hand bitten",n
australia,nan,death may have been due to drowning,nan
australia,swimming,"fatal, back of thigh bitten",y
cuba,seaplane columbus ditched in the sea,"although this incident is listed elsewhere as a shark attack, the account of the disaster suggests the 4 who perished probably drowned five people survived",nan
usa,fishing,no injury to occupant shark struck boat,n
philippines,nan,"fatal, abdomen severely bitten airplane summoned from corregidor & injured man was lashed to wing, but he died",y
usa,hoisting shark aboard fishing boat,shark's tail broke his leg provoked incident,n
usa,hoisting shark aboard fishing boat,shark's tail broke his leg provoked incident,n
usa,bathing,"fatal, hip & thigh bitten with  tissue removed, including bone",y
australia,bathing in 3' to 4' of water,"fatal, severe injuries to torso",y
barbados,fishing,fatal,y
australia,sailing,"fatal, but shark involvement prior to death unconfirmed",nan
usa,"freediving, inspecting kaunakakai wharf construction after blasting & dredging",survived,n
england,swimming,fatal,y
usa,fishing,"no injury to occupants, shark splintered stern",n
usa,nan,leg bitten,n
usa,floating,"fatal, thigh bitten",y
jamaica,swimming,"fatal, arm severed, thigh severely bitten",y
south africa,swimming,abdomen & thigh bitten,n
australia,swimming,fatal,y
jamaica,fishing,survived,n
jamaica,standing,"fatal, right leg severed at thigh",y
australia,bathing in knee-deep water,"fatal, right hand severed, lacerations on left thigh & left hand, died in hospital of gas gangrene",y
australia,swimming,"disappeared whiile swimming alone, body parts recovered, but shark involvement prior to death unconfirmed",nan
australia,swimming,"fatal, both arms & shoulder bitten",y
iraq,bathing,fatal,y
australia,swimming,fatal,y
australia,standing,small laceration on left thigh & swim costume torn,n
australia,surfing,"fatal, disappeared, then his shark-bitten remains washed ashore",y
australia,swimming,survived,n
australia,fell from his father's back into the water,"fatal, disappeared, body not recovered",y
australia,"wading to dinghy, carrying his son","right hip, buttock, elbow, arm & wrist bitten",n
fiji,swimming,fatal,y
australia,diving for beche-de-mer,lacerations to right arm & chest,n
australia,diving for beche-de-mer,"left thigh bitten, fatal",y
england,fishing,leg bitten by shark he was attempting to capture provoked incident,n
australia,nan,lacerations to arm,n
philippines,swimming,"fatal, abdomen  severely lacerated, taken by seaplane to hospital in corrigedor but died",y
cuba,fell overboard,fatal,y
philippines,nan,buttons & shoes found in shark caught in fish trap,nan
australia,wading,lacerations to leg & hand,n
haiti,dived into a school of baitfish,"fatal, large wound on thigh",y
australia,standing,"minor injuries to leg, hand & fingers",n
philippines,the coastwise steamer san basilio capsized in a typhoon,fatal,y
usa,swimming,thought to have been taken by a shark body was not recovered,nan
australia,diving for trochus shell,severe lacerations to right shoulder & arm,n
usa,swimming,knee & thigh bitten,n
canada,harpooned shark,"no injury to occupants, but shark struck boat with such force that chandler was flung overboard provoked incident",n
australia,"boat capsized, swimming to shore","tossed in air by shark, sustained abrasions",n
australia,diving,lacerations to foot,n
south africa,floating face down,abdomen bitten,n
australia,free diving,fatal,y
australia,swimming,leg bitten fatal,y
jamaica,jumped overboard,fatal,y
new zealand,nan,"""recovered""",n
south africa,splashing,thigh & buttocks bitten not known if he survived,n
australia,swimming,lacerations to left leg,n
australia,swimming,"fatal, left leg & calf bitten, leg surgically amputated",y
australia,sitting in a boat,lacerations to buttocks,n
costa rica,small vessel with 13 men on board capsized crossing the bar and 6 men drowned  the 7 survivors were swimming to shore,"fatal, 6 men were taken by sharks as they neared the beach, 1 survived",y
usa,swimming,laceration to left thigh,n
usa,"""swimming vigorously""",left foot bitten & abraded,n
usa,knocked into the water,fatal,y
australia,cutter capsized,shark involvement not confirmed,unknown
australia,swimming,"multiple injuries, left leg surgically amputated at knee",n
new zealand,swimming,leg bitten,n
australia,wading,"fatal, right thigh bitten",y
australia,wading shrimping,"fatal, thigh bitten, leg amputated",y
italy,fishing,no injury,n
usa,swimming,leg severed,n
usa,fishing,fatal,y
san domingo,steamer una wrecked with 75 laborers onboard survivors took to rafts & lifeboats,"fatal, ""men snatched from rafts by sharks""",y
australia,bathing,fatal,y
australia,surfing,"severe laceration to arm, necessitating surgical amputation at the elbow",n
australia,diving,survived,n
australia,swimming,lacerations to left leg,n
mozambique,wreck of the tug magellan,fatal,y
usa,"swimming, towing an empty barrel",left knee lacerated,n
usa,stuffing a shark into an automobile,arm severely lacerated by shark that had been hooked and shot provoked incident,n
panama,swimming to shore from the medic,fatal,y
usa,nan,leg bitten,n
usa,diving,fatal,y
ireland,ship mariston torpedoed & sunk,"fatal, only 1 survivor",y
usa,swimming beside launch,right arm bitten,n
philippines,swimming,"fatal, abdominal cavity removed",y
kuwait,diving for pearls,torso bitten,n
libya,diving for sponges,"bitten by shark, but  repelled it with his 'skandalopetra'",n
australia,bathing,right calf bitten,n
australia,taking wife to beach & about 1 m from the shore,"fatal, right arm severed, chest punctured",y
australia,swimming 10 m from shore,leg nipped by shark,n
panama,nan,"""severely bitten""",n
australia,swimming,fatal,y
australia,bathing,fatal,y
usa,"fishing, attempted to take a netted shark","fatal, leg severely bitten, surgically amputated provoked incident",y
usa,shrimping,left calf severely bitten & became septic but he survived,n
usa,fishing,arm severely lacerated,n
usa,swimming,"no attack,  no injury",nan
usa,swimming,ankle bruised,n
usa,swimming,"lower left leg bitten, surgically amputated",n
usa,swimming recovering remains of stilwell,"fatal, thigh bitten",y
usa,swimming,"fatal, legs & torso bitten",y
bahamas,ss ramos foundered in a hurricane captain & 14 crew in water-logged lifeboats,"fatal  when the survivors were rescued next day they were clubbing sharks with oars ""sharks were so thick that it was difficult to row""",y
spain,diving,survived,n
philippines,bathing,right foot severed,n
usa,swimming,fatal,y
usa,swimming,"fatal, left leg bitten",y
usa,swimming,heel bitten,n
atlantic ocean,jumped overboard from norwegian steamship venator,presumed fatal,y
usa,nan,leg bitten by shark hooked shark provoked incident,n
australia,swimming,fatal,y
australia,clinging to overturned rowing boat,fatal,y
australia,bathing,minor lacerations to heel,n
australia,diving,"arm severed, lacerations to thigh",n
australia,bathing,severe bite to arm,n
australia,bathing,severe lacerations to feet & ankles,n
usa,nan,laceration to left leg,n
mexico,fishing,fatal,y
mexico,wading,fatal,y
egypt,fell overboard,shark involvement not confirmed,nan
australia,skin diving for trepang but at surface next to the boat,"shoulder bitten hana, one of the rescuers, fended shark off with an oar, then shark bit oar in two",n
australia,swimming,foot bitten,n
new zealand,fishing,death may have been due to drowning,nan
australia,bathing,fatal,y
usa,nan,"fatal, drowning or scavenging",nan
australia,swimming,lacerations to right thigh and knee,n
samoa,copra vessel with 19 on board was wrecked in a squall,thigh bitten,n
jamaica,fell overboard,fatal,y
usa,swimming,fatal,y
croatia,washing clothes,"no injury, shark grabbed clothes",n
usa,fishing,provoked incident    legs severed by shark entangled in his net,n
croatia,nan,"no injury, shark nudged raft and circled for 2 hrs",n
montenegro,fishing boat,"no injury, shark bit paddle and stern of boat",n
australia,bathing,fatal,y
new caledonia,swimming ashore from swamped 13-ft boat,fatal x 2,y
usa,fishing,provoked incident lacerations to right hand by hooked shark,n
usa,swimming,his remains were recovered from a shark 3 years after his disappearance - probable drowning  scavenging,nan
guyana,boat swamped,fatal,y
usa,washed into sea while picking opihi & attacked by 2 large sharks,fatal,y
australia,wading,lacerations to foot,n
australia,canoeing,lacerations to arms,n
australia,wading,laceration to leg,n
south africa,nan,no details,unknown
usa,fishing for mackerel,no injury to occupants but hull splintered by harpooned shark provoked incident,n
cuba,nan,fatal,y
nigeria,boat swamped,fatal,y
australia,swimming,calf severely bitten;  leg surgically amputated,n
usa,nan,major injuries but survived,n
croatia,nan,badly bitten by a shark dragged onboard provoked incident,n
usa,nan,man's leg recovered from 800-lb shark,nan
usa,nan,female foot recovered from shark,nan
italy,nan,human casualties,nan
usa,nan,fatal,y
costa rica,swimming,fatal,y
usa,fishing,"forefinger of right hand bitten by a ""dead"" shark provoked incident",n
australia,hauling in net,lacerations to thigh by netted shark provoked incident,n
samoa,nan,leg severed,n
australia,diving,"head, neck & left shoulder bitten",n
reunion,swimming after his hat,fatal,y
reunion,swimming,fatal,y
australia,nan,arm severed,n
philippines,swimming from foundered vessel,fatal,y
usa,swimming,fatal,y
usa,swimming,toes severed,n
solomon islands,bathing,fatal,y
south africa,nan,nan,nan
new zealand,swimming,"""slight laceration to leg""",n
australia,hard hat diving,"no injury, shark nipped diving suit after he prodded the shark provoked incident",n
australia,swimming,left calf & heel bitten,n
new caledonia,swimming,left shoulder & both legs bitten,n
australia,swimming,fatal,y
fiji,washed overboard,fatal,y
australia,nan,thigh & lower abdomen severely bitten,n
australia,bathing,fatal,y
spain,fell into the water,fatal,y
usa,nan,"cause of death undetermined 36 m [11'9""] shark seen carrying body next day, shark was killed & antoine's entire body was found in its gut",nan
usa,fell overboard from steamship rio grande,fatal,y
australia,diving,calves bitten,n
usa,jumped overboard to rescue companion,fatal,y
usa,fell overboard & swimming,fatal,y
usa,bathing,left arm & thigh bitten,n
spain,bathing,fatal,y
usa,fishing,"hooked shark bit his leg, knee to ankle provoked incident",n
south africa,bathing,"fatal, partial remains recovered",y
usa,fishing,bitten on left leg by hooked shark provoked incident,n
south africa,swimming,fatal,y
new zealand,fishing,"no injury to occupants, shark bit boat",n
australia,swimming,fatal,y
australia,3-masted steel barque glenbank foundered during a cyclone,minor injuries,n
usa,swimming,minor injury to feet,n
new zealand,fishing,fatal,y
croatia,nan,fatal,nan
australia,shipwrecked pearling schooner,fatal,y
north atlantic ocean,fishing,right hand severely bitten by netted shark provoked incident,n
australia,bathing,foot bitten,n
mexico,swimming,leg bitten,n
mozambique,"steamer durao struck rock & filled, boats capsized, passengers & crew tried to swim to shore","fatal, 3 passengers & 14 crew taken by sharks, captain, 1 passenger & 2 crew survived",y
usa,"unknown, their unoccupied yawlboat was recovered",presumed drowned & bodies taken by sharks,nan
panama,fell overboard from uss cruiser tacoma,fatal,y
new zealand,swimming,lacerations to foot,n
usa,"hard hat diving, laying some charge of powder",no injury,nan
australia,surf bathing,"shoulder, back & leg bitten",n
australia,nan,fatal,y
usa,"fishing, thrown into water by heavy sea, clinging to rocks at the water line","body bitten by sharks, but death may have been due to drowning",nan
philippines,swimming,"calf removed, not known if he survived",unknown
usa,nan,severe lacerations to arm,n
australia,fell overboard,fatal,y
australia,fishing,3 fingers bitten by hooked shark provoked incident,n
indonesia,the 2379-ton french steamer la seyne collied with british steamer onda & sank in minutes passengers jumped overboard expecting to be picked up by onda’s boats,"fatal, 101 people perished, including commander, joseph couailhac iit was reported that a “shoal of sharks circled  passengers in the water and dragged scores of people to their deaths” of the 61 survivors, many were injured by sharks",y
usa,seine netting,abrasion to leg from netted shark provoked incident,n
usa,fell overboard from fishing schooner halycon,fatal,y
usa,fell overboard while fishing for sharks,right leg bitten,n
usa,swimming,hip & thigh lacerated,n
mexico,bathing,fatal,y
south africa,nan,remains of soldier in uniform probable drowning & scavenging,y
australia,"1446-ton norwegian barque errol, bound from peru to newcastle with 22 on board wrecked survivors shelterd on the wreck of the annasona subsequently the master, his wife & 4 children perished along with several crew survivors 5 were rescued 7121909","fatal, only his legs, still in sea-boots, were recovered",y
spain,fishing,shark knocked him down after he grabbed it by the tail no injury   provoked incident,n
usa,reported swept away by waves while gathering opihi,search party saw a large shark devour what appeared to be part of her body,nan
tunisia,diving helmet for sponges,fatal,y
south africa,wreck of the 1308-ton norwegian ship auckland,fatal,y
nan,jumped overboard,fatal,nan
italy,"on december 28, 1908, an earthquake, followed by tsunamis, destroyed coastal towns in silcily and southern italy, killing more than 100,000 people","3 unidentified bodies recovered male, female & young girl from gut of female  45 m [14'9""]  white shark caught in fishing net they may have drowned in tidal wave following earthquake",nan
australia,nan,survived,n
south africa,swimming,fatal,y
mexico,swimming ashore from capsized boat,"fatal, ""bitten in two""",y
australia,fell from the jetty,fatal,y
usa,on fishing boat & trailing hand in the water,lacerations to fingers,n
spain,fell overboard from p&o steamship arabia,fatal,y
spain,nan,human remains recovered but shark involvement prior to death unconfirmed,nan
croatia,watercraft,"fatal, lost a leg",y
egypt,the 168-ton belmore foundered in heavy seas,fatal,y
usa,the british steamer caribbee foundered,fatal,y
papua new guinea,,"remains of 3 humans recovered from shark, but shark involvement prior to death unconfirmed",y
indonesia,native boats sunk in storm,fatal,y
usa,nan,"fatal, but shark involvement prior to death was not confirmed",nan
usa,gathering fish stunned by dynamite,"fatal, ""pulled below the surface'",y
australia,bathing,fatal,y
australia,bathing,fatal,y
china,fishing,"3 of thel 5 were injured, one of whom lost both hands",n
china,fishing,2 of the 5 fishermen were so seriously injured they died of their wounds,y
australia,bathing,lacerations to left arm from shoulder to wrist,n
haiti,reached out to disentangle rope & fell overboard,"no attack, no injury",nan
usa,"diving, retrieving fish caught in net","arm severed at elbow,  surgically amputated at shoulder",n
england,swimming,"""struck across loins"" but no injury according to witnesses, incident involved a bottlenose dolphin",nan
croatia,swimming,fatal,y
croatia,swimming,fatal,y
croatia,swimming,fatal,y
usa,wading,abrasion to chest,n
croatia,swimming,fatal,y
australia,,"disappeared, but shark involvement unconfirmed",nan
usa,floating in creek,slight injuries to left knee & calf,n
mexico,bathing,"3 fingers & thigh lacerated, foot crushed",n
usa,"fishing,  tarpon being chased by shark  leapt across his skiff, breaking it in half & larkin became tangled in the net","fatal, shark bit his side, nearly cutting him in two",y
malta,fishing,"fatal,            fell overboard and were killed by shark",y
philippines,"row boat from the gunboat elcano was sinking, put finger in hole",finger severed,n
new zealand,standing,"fatal, leg severely bitten",y
australia,bathing,fatal,y
vietnam,fishing,"leg severely bitten, surgically amputated",n
usa,"net fishing, fell into the water",fatal,y
jamaica,fishing,leg bitten,n
usa,nan,buttock bitten,n
usa,swimming,fatal,y
usa,diving,arm severed,n
usa,swimming,fatal,y
indonesia,swimming,thumb & index finger of left hand severed,n
indonesia,swimming,fatal,y
australia,swimming,fatal,y
usa,fishing,provoked incident        no injury; shirt torn by gaffed shark,n
yemen,diving around anchored liner,leg severed injury originally thought due to boat's propeller,n
usa,fell overboard,fatal,y
usa,swimming,fatal,y
mozambique,nan,sanna may have drowned; his hand  identified by ring on finger found in a shark at the market,nan
indonesia,hard hat diving,fatal,y
australia,shooting sharks,finger severed by shark he had shot & stabbed provoked incident,n
australia,diving for beche-de-mer,fatal,y
indonesia,the schooner tahitienne foundered in a hurricane,fatal x 2,y
australia,,cause of death may have been downing,nan
new zealand,swimming,shark involvement prior to death was not determined,nan
australia,bathing,fatal,y
south africa,washing horses,"fatal, hips & thigh bitten",y
south africa,floating or standing,"fatal, left torso, buttocks, thigh & foot bitten",y
australia,bathing,"""bad wound in the leg"" - 7-ft shark caught in the bath same day",nan
australia,swimming,fatal shark involvement suspected but not confirmed,y
usa,fishing,lacerations to leg from hooked shark provoked incident,n
egypt,human head found in shark caught by british steamer syria,probable drowning & scavenging,nan
usa,swimming from naptha launch after a day of fishing,3 toes of right foot were severed,n
philippines,bathing,leg bitten,n
usa,wading,body not recovered fatal,y
italy,nan,"body recovered from shark, probable drowning and scavenging",nan
indonesia,jumped or fell overboard,fatal,y
usa,fishing,fatal,y
usa,swimming,lacerations to back & right leg,n
south africa,swimming,"fatal, thigh bitten, femoral artery severed",y
australia,bathing,righ thigh severely bitten,n
australia,bathing,fatal,nan
australia,bathing,thought to have been taken by a shark,nan
australia,bathing,reported to have been killed by a shark but 2 years later he was found very much alive,nan
usa,harpooning turtles,"no injury, shark bumped skiff",n
philippines,bathing alongside us naval ship,foot bitten,n
indian ocean,fell overboard,fatal,y
cuba,lost his footing & fell overboard,"fatal, left leg severed below knee, right leg severed above knee by a second shark",y
cuba,"ship's boat capsized in squall, captain & 2 sailors clinging onto hull","fatal, shark pulled them off hull of boat",y
usa,sailing,no injury,n
usa,swimming,"fatal, body not recovered",y
italy,swimming,fatal x 4 afterwards metal mesh nets were installed,y
australia,swimming after his hat,fatal,y
new zealand,swimming,fatal,y
new caledonia,bathing,fatal,y
reunion island,swimming,fatal,y
usa,diving on a wreck,leg bitten,nan
philippines,bathing,left arm bitten,n
usa,swimming,"fatal, disappeared, then shark caught with head and body of man, from waist down minus leg, in its gut",y
cuba,fell overboard,fatal,y
usa,fishing,lacerations to right arm & shoulder,n
falkland islands,"swimming, after falling overboard","right leg bitten, surgically amputated",n
australia,swimming,fatal,y
mexico,bathing,fatal x 3,y
australia,suicide,jumped off cliff,y
australia,swimming,fatal,y
australia,nan,fatal,y
crete,sponge diving,fatal,y
usa,fishing,"fatal, remains foot recovered from shark 2 days later",y
nicaragua,swimming,fatal,y
australia,swimming,fatal,y
usa,fishing,severe laceration to hand,n
italy,swimming,fatal,y
croatia,fishing,"no injury to occupants, shark grabbed anchor rope & towed boat",n
usa,catching crabs,"fatal, both arms severed",y
italy,fishing,face & arms injured by hooked shark provoked incident,n
usa,swimming,shark bit his left arm after he grabbed its tail provoked incident,n
philippines,nan,"""nose hanging by a threat, prints of shark's teeth over entire right cheek""",n
egypt,sponge diving,bitten on hand and thigh,n
south africa,swimming,probable drowning & scavenging,nan
new zealand,standing on ship deck,"no injury, hooked shark bit tousers provoked incident",n
australia,dangling feet in the water,fatal,y
south africa,nan,possible drowning & scavenging remains were recovered from a 15' shark's gut,nan
australia,swimming,legs bitten,n
australia,bathing,lacerations to torso & thigh,n
philippines,taking catch from a fish weir in which the shark was snared,right thigh bitten,n
cyprus,swimming,"fatal, bitten on arms, chest & legs",y
south africa,swimming,"right leg bitten & foot severed, right arm bitten, bones fractured & nearly severed fatal",y
italy,swimming,"disappeared, but shark involvement unconfirmed",nan
yemen,diving around anchored liner,nan,nan
philippines,swimming,"left thigh stripped of flesh 4"" above the knee",n
australia,bathing,"thigh bitten, fatal",y
usa,bathing,abdomen bitten,n
australia,bathing,fatal,y
south africa,swimming,"fatal, legs severed",y
south africa,swimming,probable drowning & scavenging,nan
australia,swimming,laceration to right leg,n
usa,diving,no injury,unknown
usa,floating,"bathing suit torn & ""imprints of the shark's teeth on his body""",n
usa,bathing,left hand lacerated,n
croatia,swimming,fatal,y
usa,hunting seashells,"believed drowned uhlbrecht’s foot, and the pelvis & femur of another person recovered in gut of tiger shark shark caught on 17-aug-1900",nan
usa,,"no injury to occupants they shot shark, then it capsized their skiff provoked incident",n
australia,"standing, gathering oysters",right posterior thigh bitten,n
usa,nan,severe abrasion when shark swam between his legs,n
south africa,swimming,leg severed,n
australia,fell into the water,bite to lower leg,n
philippines,sea disaster,fatal,y
australia,fishing for squid,"no injury to occupants, shark bit boat",n
libya,diving,lacerations to head,n
libya,sponge diving,fatal,y
mexico,swimming,fatal,y
usa,hunting sharks,"fatal, drowned or crushed when harpooned shark smashed their boat provoked incident",y
usa,swimming,fatal,y
egypt,floating on his back,back muscles torn away,n
egypt,bathing,"forearm, wrist & hand bitten",n
egypt,bathing,left leg bitten,n
bahamas,fell overboard,fatal,y
italy,fishing,multiple injuries from boated shark provoked incident,n
new zealand,attempting to land a boat from the hinemoa,fatal,nan
philippines,swimming,fatal,nan
italy,bathing,fatal,y
australia,bathing,drowning may mav preceded attack,nan
south africa,dangling feet in the water,foot severed,n
usa,rowing,no injury to occupants shark bit oar,n
usa,hunting crayfish,leg bitten,n
australia,fell oveboard,fatal,y
usa,jumped overboard,fatal,y
nan,diving,lacerations to hand from shark trapped inside diving bell,n
nan,diving,lacerations to fingers,n
west indies,fell overboard,fatal,y
usa,swimming,laceration to thigh,n
usa,bathing,"""cut up very badly""",nan
australia,swimming after their boat capsized,"reported fatal, but this is a questionable incident",nan
yemen,swimming at side of small boat,"fatal, severe injuries to both arms & legs, 3 limbs surgically amputed & died after 3 days",y
yemen,standing,fatal,y
cuba,swimming,fatal,y
new caledonia,boat from city of naples capsized,fatal,y
fiji,the cutter francis adams foundered,lacerations to thigh,n
sri lanka,swimming,fatal,y
crete,sponge divers,unknown,nan
usa,fishing seining,lacerations to left hand,n
cuba,13 men in the water after sailboat capsized & sank,"fatal, 7 survived but 6 were taken by sharks",y
jamaica,trailing hand in the water,"hand lacerated, 2 fingers severed",n
cuba,attempting to escape by swimming to shore,"fatal, 4 were killed by sharks, 1 survived",y
usa,nan,lacerations,n
yemen,diving for coins,fatal,y
usa,loss of the schooner nomad,fatal,y
usa,angling,hooked shark bit his leg provoked incident,n
mexico,diving,minor injuries,nan
marshall islands,fishing,fatal,y
usa,fishing,lacerations to hand by netted shark provoked incident,n
usa,standing,lacerations to lower leg,n
south africa,wading after stray fish from seine netter’s catch,fatal,y
yemen,wreck of the steamship sultan of bombay,fatal,y
nan,swimming,fatal,y
usa,fishing,fatal,y
new zealand,nan,lacerations to left arm,n
egypt,nan,no details,unknown
australia,fishing,no injury to occupants shark bit boat several times,n
new zealand,bathing,"fatal, left arm severed at elbow,  right arm at wrist",y
new zealand,nan,fatal,y
australia,swimming,fatal,y
australia,boat swamped,fatal,y
sri lanka,diving,leg severed,n
usa,fishing,fatal,y
usa,bathing,lacerations to foot and calf,n
australia,bathing,fatal,y
usa,"swimming ashore from a ""filibuster""",fatal,y
haiti,wading,leg severed below knee,n
australia,bathing,fatal,y
barbados,diving for coins,leg bitten,n
australia,fishing,fatal,y
cuba,shipwreck,probable drowning & scavenging,nan
yemen,diving for coins,fatal,y
usa,fishing,"no injury, hooked shark rammed boat & ruark fell on its back provoked incident",n
usa,swimming,fatal,y
usa,fishing,arm bitten,n
japan,hunting seals,fatal,y
nan,diving,right hand severed,n
australia,pearl diving,fatal,y
bahamas,sea disaster : wreck of the carrie e long,heel bitten,n
new zealand,"""boat accident""",fatal       thigh bitten,y
south africa,"""crossing the river""","fatal, right arm lacerated",y
new zealand,swimming,lacerations to foot,n
indonesia,swimming,fatal,y
australia,swimming,lower leg & foot bitten,n
australia,swimming,fatal,y
panama,"swimming, after sailboat capsized",fatal,y
australia,nan,no injury to occupants of boat,n
usa,fishing,left leg bitten provoked incident,n
australia,bathing,"""lost his arm""",n
usa,swimming,fatal,y
usa,bathing,lacerations to leg,n
fiji,dangling feet in the water,foot severed,n
usa,fishing,laceration to calf  provoked incident,n
usa,swimming,no injury,unknown
usa,swimming  floating on his back,lacerations to thigh,n
france,fishing,no injury,y
usa,bathing,"""painfully injured"" but no details",unknown
south africa,swimming after harpooned whale capsized boat,fatal,y
usa,bathing,right leg bitten,n
mexico,fell from yardarm of british ship rover,fatal,y
burma,bathing,fatal,y
burma,bathing,fatal,y
india,murder,fatal,y
croatia,small boat,no injury; no attack,nan
philippines,abandoning burning steamship don juan,fatal,y
nigeria,a barque wrecked,fatal,y
lebanon,hms victoria collided with the hms camperdown,fatal,y
fiji,canoe swamped,fatal,y
cuba,his balloon crashed in the harbor,fatal,y
south atlantic ocean,swimming after falling overboard from the sealing ship vesper,"one leg severed by the shark, the other surgically amputated",n
australia,"boat capsized, swimming ashore",leg bitten,n
australia,"boat capsized, swimming ashore","fatal, probable drowning",nan
new zealand,bathing,fatal,y
french polynesia,murdered,fataltossed overboard to sharks by rodrigue brothers who were later executed in manila,y
egypt,nan,no details,unknown
atlantic ocean,fell overboard,fatal,y
australia,fishing,laceration to arm,n
australia,swimming,abrasions to left leg,n
usa,nan,hand bitten,n
france,fishing boat,"no injury, no attack",nan
cuba,riding a horse,fatal,y
new zealand,bathing,minor injury to leg,n
bahamas,fell overboard from sponge vessel,"fatal, leg severed",y
pacific ocean,a canoe was pursuing a schooner that had forcibily abducted 5 young girls,6 or 8 of the would-be rescuers were shot & the rest were killed by sharks,y
australia,fishing,lacerations to calf by netted shark provoked incident,n
australia,dress diving,fatal         bitten in two by shark that he molested with a knife buried at batu island  provoked incident,y
australia,swimming,foot severed,n
new zealand,"swimming, after boat swamped",hand bitten,n
martinique,attempting to rescue shipmate,injured,n
kiribati,"sea disaster, canoes capsized in storm","fatal of 38 people in the water, 8 were killed by sharks & 1 man's leg was severed",y
canada,knocked overboard,fatal,y
usa,shooting sharks,"survived, provoked incident",n
usa,fishing for sharks when he became entangled in net & fell overboard,"fatal, but death may have been due to drowning",nan
paraguay,fleeing across a river,fatal,y
jamaica,boat capsized,fatal,y
australia,swimming to shore after boat capsized by a squall,"fatal, but death may have been due to drowning",nan
british new guinea,thrown overboard,arm bitten,n
atlantic ocean,thrown overboard,fatal,y
usa,fishing for bluefish,no injury to occupants hooked shark damaged boat provoked incident,n
usa,treading for clams,severe lacerations to left arm,n
samoa,bathing,both legs severed,n
croatia,swimming,legs severed,n
persian gulf,fell overboard,severe lacerations to foot,n
egypt,swimming,fatal,y
south africa,nan,"forensic evidence indicated death resulted from drowning, his body was subsequently scavenged by a shark",nan
ceylon,diving,fatal,y
malta,"fishing boat with 4 men on board was rammed & capsized by  a shark, throwing all occupants into the water","fatal, 2 men were lost, presumed taken by the shark",y
australia,wading,knee bitten,n
india,diving,no details,unknown
india,diving,no details,unknown
new zealand,swimming,fatal,y
south africa,bathing,"fatal, leg bitten, foot partly severed",y
greece,nan,"human remains found in 4m, 900 kg shark",nan
australia,fell into the water,fatal,y
usa,parachuted from balloon,speculated that he was taken by a shark but most likely drowned,nan
india,swimming,fatal,y
usa,swimming,"fatal, calf bitten",y
usa,fishing,leg bitten,n
australia,fell into the water,fatal,y
usa,fishing,no injury to occupants gaffed shark capsized boat provoked incident,n
sierra leone,cleaning the side of a ship,fatal,y
indian ocean,swimming,foot severed,n
australia,swimming,fatal,y
australia,working on the bridge when he fell into the river,fatal,y
croatia,nan,human remains found in shark,y
canada,the steamships thingvalla and geiser collided,fatal,y
usa,sailing,no injury to occupants shark beat away with oar,n
jamaica,probabable drowning,human remains recovered from a 10' to 12' shark caught in a turtle net,nan
india,the dwarka foundered,"fatal, only 1 of her crew of 7 survived",y
croatia,nan,human remains & clothing found in 7' shark,nan
australia,fishing,"no injury to occupants, shark holed boat",n
australia,the cutter yacht cutty sark sank,probable drowning & scavenging,nan
new zealand,floating on his back,"arm severely lacerated, surgically amputated",n
south africa,crossing the river mouth,fatal,y
australia,rowing,"shark bit boat, but no injury to occupant who swam ashore",n
libya,sponge diving,lacerations to thorax and hands,n
honduras,fell oveboard from steamer wanderer,fatal,y
australia,nan,fatal,y
usa,"crossing inlet in a boat, seen fighting sharks with his oar, sharks smashed boat",fatal,y
bahamas,"sea disaster, wreck of the alfred watts",fatal,y
croatia,nan,shoes & human remains found in a shark,nan
italy,swimming,leg injured,n
nan,"sea disaster, wreck of the sloop sara",fatal,y
australia,rowing a dinghy,no injury to occupants,n
new zealand,swimming,fatal,y
south africa,nan,"harpooned shark, bit boat, causing it to ship water boat reached shore in sinking condition provoked incident",n
brazil,the passenger ship kapuna was run down the ore carrier ada melmore,fatal,y
south africa,swimming,"fatal, flesh removed hip to knee, calf & heel bitten",y
ocean,british ship macedon was thrown on her beam ends by a sudden squall,foot severed,n
usa,nan,"shark attacked boat, shark killed & towed to shore",n
usa,"netting menhaden, sharks caught in net","no injury, sharks ripped net & bit boat provoked incident",n
usa,clamming,"no injury they were chased by three sharks, one of which rammed their boat",n
usa,wading,12-inch laceration to right calf,n
australia,swimming after being washed overboard,fatal,y
usa,"fishing from shore, washed into the sea","the body of one woman had been bitten by a shark but it is not known if she was alive at the time, the other woman disappeared",nan
new caledonia,bathing,fatal,y
australia,oystering,wrist bitten,n
new zealand,sea disaster : wreck of the taiaroa,probable drowning & scavenging,nan
new zealand,bathing,left leg severed probably confusion with gsaf 18860128,nan
australia,he drowned when boat capsized,his body was found in a tiger shark; next day other human remains found in sharks at berry's bay,nan
australia,fishing,"no injury to occupants, shark shook boat ""stem to stern""",n
south africa,diving off jetty,"chest & buttocks bitten, left leg severed at knee",n
australia,diving alongsidethe steamship ranelagh,foot bitten,n
south africa,swimming,fatal partial remains washed ashore the next day,y
australia,sailing,leg severed,n
australia,nan,"no injury to occupant, shark bit off section of the boat's rudder",n
australia,bathing,laceration to calf,n
atlantic ocean,fell or jumped overboard from the liner rhynland,fatal,y
usa,wreck of the schooner pohoiki,left arm severed,n
usa,wreck of the schooner pohoiki,laceration to torso,n
usa,wreck of the schooner pohoiki,fatal,y
nan,swimming,fatal,y
new zealand,bathing,lacerations to lower leg,n
south africa,fishing,"no injury to occupant, rammed oar in shark's mouth and it bit the oar",n
australia,yachting accident,"cause of death most likely drowning, remains recovered in shark",y
france,nan,fatal            leg severed by harpooned shark provoked incident,y
usa,watercraft,hand bitten,n
usa,clamming,unclear if he sustained any injury from the 7' shark,nan
brazil,fell overboard from the steamship chala,fatal,y
south africa,swimming,fatal,y
australia,fell overboard,fatal,y
australia,swimming,fatal,y
usa,knocked overboard,fatal,y
uruguay,fell overboard & rescuer,fatal,y
usa,jumped overboard,fatal,y
australia,swimming  escaping imprisonment,fatal,y
georgia,fishing for sharks,leg injured by hooked shark provoked incident,n
australia,diving,arm severed,n
australia,diving,fatal,y
australia,bathing,fatal,y
pacific ocean,fishing,"fatal, remains recovered from 2 sharks",y
usa,fell overboard,fatal,y
usa,nan,"body found with arm severed by shark, but shark involvement prior to death was uncomfirmed",nan
usa,nan,fatal,y
new zealand,restraining a beached shark,hand severely nipped provoked incident,n
new zealand,bathing,sole of foot bitten,n
new zealand,bathing,lacerations to thigh,n
japan,clinging to shipwrecked junk,lacerations to elbows &  knees,n
australia,fell overboard,laceration to calf,n
australia,pearl diving,fatal      torso bitten,y
australia,fishing,fatal,y
australia,pearl diving,fatal                       thigh bitten,y
australia,bathing,fatal,y
atlantic ocean,fell overboard from the selim,fatal,y
usa,"during ""an exhibition"" he was tied in sack & thrown overboard","no injury, sack rammed by shark & shark  harassed him when he surfaced",n
australia,nan,survived,n
australia,swimming,shark involvement suspected but not confirmed,nan
usa,bathing,fatal,nan
usa,bathing,"fatal, possible post-mortem bites",y
nan,"floating, holding onto an oar after dory capsized",fatal,y
usa,swimming,"no injury, overalls ripped by shark",n
nan,bathing,survived,n
usa,fell overboard,fatal,y
india,nan,"""more than 20 persons severely bitten by sharks this year almost all were fatal""",y
italy,fishing on a boat,non-fatal,n
australia,swimming,"feet bitten, surgically amputated fatal",y
australia,traveling by boat,"disappeared, thought to have murdered or drowned or  taken by a sharks after entrails washed ashore",y
mozambique,swimming to retrieve a flannel,legs severed fatal,y
usa,sailing,"shark bit stern, no injury to occupant",n
india,nan,"left hand severed, arm & right calf injured",n
india,bathing in river,"hands, forearm & left thigh lacerated, radial artery severed",n
mexico,nan,"human remains recovered from a 15' shark, probable scavenging",nan
india,bathing in river,"fatal, left forearm & hand bitten, brachial artery severed, died of secondary hemorrhage 11 days later",y
india,bathing,"fatal, right leg severed at mid-thigh, femur severed",y
australia,fishing,"no injury to occupants, shark rammed boat",n
australia,bathing,lacerations to leg,n
syria,diving for sponges,fatal,nan
usa,nan,"drowned, body scavenged by shark",nan
solomon islands,nan,"arm & leg severed, survived",n
new zealand,nan,recovered,n
india,swimming,fatal,y
australia,swimming,thigh bitten,n
spain,fishing,"no injuries to occupants, hooked shark bit boat  provoked incident",n
fiji,nan,"severely bitten on heel, 20 others taken by sharks",n
usa,bathing,no details,n
new zealand,standing,fatal,y
australia,the steamship bonnie dundee lost in collision,partial  remains found in shark,nan
usa,floating with life buoy after pilot launch capsized,fatal,y
australia,bathing,laceration to leg,n
indonesia,swimming,fatal,y
nan,jumped overboard after murdering 2 shipmates,fatal,y
usa,fishing,leg bitten by netted shark provoked incident,n
south atlantic ocean,boat with 5 men capsized while returning to the amerique,du val's leg was bitten but he survived,n
south atlantic ocean,boat with 5 men capsized while returning to the amerique,"fatal, 2 of the crew were killed by sharks",y
usa,swimming,fatal,y
usa,swimming,fatal,y
philippines,nan,fatal,y
new guinea,nan,"""fearfully injured""",n
south africa,wreck of the union steamship company 982-ton iron steamer kafir,"fatal, shark removed large part of his hip",y
brazil,washed off raft,fatal,y
australia,bathing in 2 feet of water,"fatal, leg severed",y
fiji,nan,fatal,y
australia,bathing,leg severely bitten & later surgically amputated,n
australia,washed overboard from the barque mary eady,fatal,y
australia,fishing,"no injury, pulled overboard by a shark that grabbed his coat",n
indian ocean,nan,partial human remains found in 13' shark,nan
australia,nan,fingers injured by landed shark provoked incident,n
australia,bathing,thigh & foot bitten,n
italy,paddling,3 ribs broken by shark's tail,n
fiji,nan,"thigh severely bitten, femur exposed",n
australia,fishing,severe bite to hand,n
australia,bathing,fatal,y
australia,swimming,ankle injured,n
south africa,body found floating next to his ship,"although his body was bitten by a sharks, bruises on his neck & face suggested foul play & a shipmate taken into custody but no charges made",nan
india,nan,"thigh severely bitten, femur exposed & grooved",n
usa,fishing,fatal,y
greece,diving for sponges,fatal,y
usa,bathing,leg bitten,n
australia,swimming,fatal,y
australia,bathing,"fatal, rescued by man on horseback, but died on the beach",y
lebanon,sponge diving,fatal,y
england,nan,leg abraded,n
australia,pearl diving,"""severely bitten"" but survived",n
australia,nan,"fatal, ""his side was  bitten""",y
australia,fishing,foot severed at ankle,n
south africa,nan,"press reported that a 3 m shark  was caught with human remains in its gut, but  remains were those of a porpoise according to medical examiner",nan
new zealand,bathing,fatal,y
australia,bathing,forehead bitten,nan
australia,sitting on gunwale of boat,legs bitten,y
australia,bathing,thigh bitten,n
australia,sitting on gunwale of boat,fatal,y
croatia,fishing,"shark damaged boat, but no injury to occupants",n
france,fishing,shark and boat collided no injury to occupants,n
usa,fishing,thumb & thigh lacerated,n
usa,bathing,lacerations to groin,n
mexico,bathing,fatal,y
kiribati,escaping from blackbirding vessel,fatal,y
nan,salvaging a shipwreck,heel bitten,n
honduras,boat of the resolution capsized in the breakers,fatal,y
canada,fishing,shark bit & tipped the dory,n
tuvalu,fleet of canoes caught by a squall and charged by sharks,"2 people out of +70 survived, one of whom was bitten by sharks",y
australia,bathing,thigh  severely bitten,n
usa,fishing seining,leg severely bitten by netted shark lower leg surgically amputated provoked incident,n
australia,bathing,fatal,nan
australia,bathing,survived,n
cuba,swimming  escaping imprisonment,"legs severed bitten, later surgically amputated",n
indian ocean,swimming to avoid capture,fatal,y
azores,nan,"no injury, but according to fosdyk, captain & crew were killed by sharks",nan
bahamas,burning of the ss missouri,fatal,y
croatia,fishing,no injury,nan
usa,canoeing,"thigh bitten, shark teeth embedded in canoe",n
australia,wreck of the 150-ton brig maria,"fatal, some were taken by sharks",y
fiji,boat capsized,probable drowning,nan
south atlantic ocean,adrift on a raft,leg bitten,n
australia,nan,human remains recovered from 11' shark,nan
usa,fishing,limbs severed,n
usa,shark fishing,hand injured provoked incident,n
sri lanka,bathing,severe laceration to thigh,n
guyana,suicide,fatal,nan
india,bathing,"fatal, left thigh & buttock bitten, died of pneumonia 7 weeks later",y
australia,nan,"fatal, ""caught by legs""",y
australia,nan,survived,n
australia,fishing,feet grabbed,n
usa,bathing,foot bitten & toe severed,n
india,bathing,"left arm bitten, developed gangrene, surgically amputated",n
india,bathing  standing,"right foot & leg bitten, surgically amputated",n
australia,fishing,bite to lower leg,n
india,bathing,4 irregular lacerated wounds on right arm,n
india,bathing,3 lacerated irregular wounds on anterior left thigh,n
australia,bathing,right thigh bitten,n
australia,canoeing,shark bit canoe in half & bit man note: there is an earlier story of fatal shark attack in same river,nan
australia,net fishing,foot bitten,n
nan,fell overboard,fatal,nan
italy,nan,fatal,y
india,standing,"fatal, upper left thigh, groin & buttocks severely bitten, leg surgically amputated at the hip",y
vietnam,a junk foundered,fatal,y
australia,fishing,"no injury to occupants, shark's teeth embedded in keel",n
australia,swimming,fatal,y
new zealand,bathing close inshore,thigh bitten,n
egypt,swimming,fatal,y
mexico,boat from the austrian ship elizabeth,fatal,y
cuba,boat from ship josephine capsized in squall,fatal,y
australia,nan,"no injury, shark bit oar of customs boat",n
cuba,painting a ship,"fatal, pulled off float by shark, body not recovered",y
usa,bathing,fatal,y
australia,fell overboard,thought to have been taken by a shark body was not recovered,nan
usa,swimming alongside the schooner catherine wilcox,multiple lacerations,n
usa,bathing,fatal,y
south africa,fishing,"fatal: boat capsized, sharks took fishermen",y
australia,boarding a ship,"no injury to pilot, oar bitten",n
usa,wreck of the aphrodite,fatal,y
france,dragging a shark,knee bitten provoked incident,n
scotland,nan,leg bitten 3 times,n
usa,swimming,left thigh severely bitten,n
madagascar,fell overboard,fatal,y
spain,bathing,fatal,y
mauritius,fell overboard,fatal,y
china,swimming,no injury,nan
mauritius,fell overboard,fatal,y
panama,coming ashore on a hawser,fatal,y
new zealand,boat swamped,fatal,y
new zealand,standing  bathing,minor injury to hip,n
indonesia,reaching for life preserver,fatal,y
australia,swimming,presumed fatal,nan
guinea,"bathing near whaling ship bark a r tucker of new bedford, massachusetts","fatal ""most of leg torn away     buried on island of deloss on the west coast of africa""",y
usa,bathing,thrown into the air & bruised,n
usa,fishing,hand severed by noosed shark provoked incident,n
australia,launching a boat,fatal,y
australia,floating on back,lacerations to right torso & ankle,n
south africa,"swimming, caught in strong backwash & disappeared",32 m [105'] shark caught 9 days later contained human remains thought to be those of canham,nan
australia,bathing,fatal,y
andaman islands,fell overboard,fatal,y
ceylon,fell overboard,fatal,y
ceylon,fell overboard,fatal,y
greece,swimming,fatal,y
new zealand,swimming,right thigh and left foot severely bitten,n
australia,trying to catch a wounded bird,fatal,y
new zealand,nan,nan,nan
spain,bathing,survived,n
spain,nan,possible drowning and scavenging,nan
spain,swimming,fatal,y
spain,nan,fatal,y
spain,swimming alongside the ss kearsarge,fatal,y
south africa,nan,"""very severe wounds""",n
south africa,bathing,lacerations,n
usa,nan,ankle bitten,n
japan,boat of a hawaiian brig was stove in by  whale,fatal,y
singapore,bathing alongside the american ship thomas w sears,fatal,y
cuba,deserting the bark nazarene,lacerations,n
new zealand,bathing,"""severely bitten but recovered""",n
equatorial guinea ,swimming,fatal,y
australia,bathing,lacerations to fingers,n
australia,bathing,lacerations to leg,n
canada,gloucester fishing schooner run down,fatal x 2,y
usa,swimming,toe severed,n
new zealand,swimming,"leg bitten, surgically amputated",n
new zealand,bathing,fatal foot & leg bitten,y
cook islands,43-ton schooner irene capsized & sank,probable drowning,y
bahamas,"in boat being towed by ship, karnak",fatal,y
usa,fell overboard,fatal,y
usa,swimming,thought to have been taken by a sharks bodies not  recovered,nan
usa,swimming,thought to have been taken by a sharks body not  recovered,nan
tobago,bathing,"leg bitten, surgically amputated",n
australia,bathing,fatal,y
usa,swimming,fatal,y
tonga,jumped overboard while intoxicated,fatal,y
usa,swimming,fatal,y
fiji,swimming,fatal,y
nan,swimming,fatal,y
england,swimming,survived,y
australia,swimming,severe bite to thigh not known if he survived,unknown
australia,swimming,fatal,y
usa,ship william penn grounded & broke apart,foot bitten,n
nan,bathing,fatal,y
australia,fell overboard from the malacca,fatal,y
australia,fell overboard from the sobella,fatal,y
solomon islands,swimming,fatal,y
australia,swimming,"no injury & although reported as an attack, it  was simply an encounter",nan
australia,swimming,leg bitten,n
usa,commercial salvage diving,no injury copper breastplate & harness bitten,n
usa,swimming,fatal,y
greece,swimming,leg severed at knee,n
australia,fell into the water,fatal,y
usa,hard hat diving,"no injury, copper breastplate punctured",n
usa,he was fighting a shark when his boat capsized & he disappeared,his gold watch was later found in a shark but death may have been due to drowning,nan
usa,knocked overboard,fatal,y
australia,swimming,shark involvement prior to death was not confirmed,nan
pacific ocean,fishing,foot bitten by hooked shark provoked incident,n
australia,fell overboard,fatal,y
tonga,fell overboard,fatal,y
usa,swimming,fatal,y
atlantic ocean,nan,death preceded shark involvement,nan
south africa,swimming from capsized boat,fatal,y
south africa,wreck of the steamship birkenhead,"fatal all of the women & children on board survived, but many of the 445 men that perished were taken by sharks",y
new zealand,swimming,"fatal, posterior thigh bared to femur, kneecap lacerated",y
usa,"vessel capsized, wading ashore carrying an oar","fatal, body was not recovered",y
mexico,bathing,fatal,y
usa,swimming,fatal,y
usa,hard hat diving,3 toes severed,n
usa,swimming after his hat,fatal,y
nicaragua,bathing,fatal,y
australia,nan,fatal,y
australia,bathing,fatal,y
peru,swimming,fatal,y
australia,swimming,fatal,y
usa,attempting to rescue woman seized by shark,fatal,y
usa,bathing,fatal,y
australia,boat capsized,torso bitten but may have been postmortem,nan
usa,swimming,left leg severely bitten,n
usa,nan,human remains recovered from 49 m shark,nan
england,standing,shark struck him with its tail,n
australia,swimming,thigh & calf bitten,n
usa,wading,lacerations to arm,n
greece,swimming,fatal,y
usa,hilo,head & arm bitten,n
australia,wreck of the sovereign,foot severed,n
mexico,wreck of the tweed,fatal,y
australia,nan,foot severed at ankle joint,n
usa,swimming,"disappeared, thought to have been taken by a shark",nan
usa,watercraft,hand severed,n
mexico,wreck of the uss somers,"fatal, some were taken by sharks",y
africa,jumped into river,fatal,y
cuba,bathing,leg severed,n
australia,fishing,fatal,y
mexico,bathing,fatal,y
england,nan,leg severed,n
usa,seine netting,fatal,y
usa,fell overboard,fatal,y
sierra leone,nan,fatal,y
namibia,boat capsized,fatal,y
algeria,swimming,fatal,y
coast of africa,fell overboard,fatal,y
madagascar,fell overboard,fatal,y
usa,swimming,lacerations to leg,n
usa,harassing a shark,lacerations to leg  provoked incident,n
india,washed off catamaran in the surf,fatal,y
australia,"unknown, but it was said to be the ""first known attack in sydney harbour""",recovered,n
australia,bathing,fatal,y
australia,swimming,fatal,y
fiji,nan,arms & legs severed,n
usa,accidentally thrown overboard & treading water while awaiting rescue,"fatal, body was not recovered",y
west indies,swimming,fatal,y
australia,sailing,"no injury to occupant, shark seized stern post",n
australia,nan,"""drowned, 2 days later his head was bitten off by a shark""",nan
cuba,sitting on gunwale of boat,fatal,y
australia,attempting to rescue crew after whale upset their boat,fatal,y
fiji,nan,survived,n
usa,bathing,right foot bittten,n
usa,bathing,leg injured,n
australia,washing his feet,"fatal     injured by shark, died of tetanus",y
usa,nan,76 m [25'] shark caught contained human remains,nan
england,swimming,fatal,y
spain,nan,"shark caught, contained human remains",nan
australia,nan,"no details, it was the year the first settlers came ashore in holdfast bay, port pirie",unknown
vanuatu,bathing,fatal,y
tasman sea,hooking into a whale,"""savagely bitten"" but apparently survived",n
french polynesia,swimming,fatal,y
australia,fishing,leg severed,n
australia,bathing,laceration to leg,n
usa,american schooner orator capsized,fatal,y
australia,"boat capsized, clinging to line","drowned, no shark involvement",nan
usa,"fishing from dory, shark upset boat & he fell into the water",fatal,y
india,washing a dog,fatal,y
india,bathing,fatal,y
nan,nan,fatal,y
sierra leone,nan,both hands severed,n
usa,fell overboard from the ship gem,fatal,y
caribbean sea,wreck of the schooner driver,fatal x 2,y
sierra leone,"british ship, britannia,  was loading lumber he was bathing","left arm severed 25"" from elbow, groin, abdomen, right forearm & hand lacerated, flesh removed from thigh, baring femur both arms surgically amputated: left arm above elbow, right arm above wrist survived",n
usa,surfing,fatal,y
sierra leone,swimming,the boy's foot was bitten,n
sierra leone,swimming,davis' leg was severed,n
egypt,nan,remains of the men were recovered from a +17-foot shark,y
brazil,nan,leg severed,n
ghana,bathing,fatal,y
cuba,hbm magpie foundered in a squall,fatal,y
england,bathing,fatal,nan
jamaica,jumped overboard,fatal,y
australia,swimming,fatal,y
australia,nan,"arms severed, but he survived",n
jamaica,nan,human remains found in shark,nan
nigeria,nan,fatal,y
spain,nan,no injury  no attack,nan
norway,nan,probable drowning,nan
usa,swimming,fatal,y
india,swimming,fatal,y
sri lanka,swimming,fatal,y
sri lanka,conch diver,abdomen bitten,n
usa,swimming,fatal,y
tobago,bathing,fatal,y
england,swimming,both legs injured,n
nan,fell overboard,fatal,y
usa,fell into the water,fatal,y
jamaica,swimming,fatal,y
antigua,nan,probable drowning & scavenging,nan
india,bathing,fatal,y
australia,nan,survived,n
usa,nan,shark scavenged on the dead sailors,nan
usa,nan,human remains male found in shark’s gut,nan
australia,nan,no injury to occupants,n
usa,nan,no injury,n
java,swimming,right leg removed by shark,n
australia,nan,shark knocked him down & tore clothing of the rescuer,n
india,nan,fatal,y
nan,standing on landed shark's tail,"fatal, provoked incident",y
seychelles,a corsair's boat was overturned,"fatal, all onboard were killed by sharks",y
nan,dropped overboard,fatal,y
england,fishing,"fatal, provoked incident",y
australia,nan,"fatal, ""bitten in two""",y
australia,fishing,"no injury to occupants, shark bit oar and rudder",n
nan,swimming,fatal,y
barbados,washing himself,fatal,y
england,nan,human remains recovered from shark,y
jamaica,swimming,nan,y
martinique,nan,many of the crew were taken by sharks,y
usa,swimming,fatal,y
usa,surfing,"fatal, buttock lacerated",y
guinea,murder,fatal,y
greenland,nan,fatal,y
usa,fishing,fatal,y
france,bathing,lacerations to arm & leg,nan
spain,swimming,fatal,y
mediterranean sea,"fell overboard from a frigate & was swallowed by a shark the captain fired a gun at the shark, and ""the creature cast the man out of his throat""","""he was taken up alive and but little injured""",n
jamaica,fell overboard,fatal,y
usa,swimming,fatal,y
cuba,swimming,"right leg severed at knee  in 1796 he became lord mayor of london in 1778 he commissioned  american artist, john singleton copley, to paint the incident: watson and the shark",n
sweden,nan,nan,unknown
panama,pearl diving,fatal,y
nan,swimming,fatal,y
italy,swimming,fatal,y
iceland,nan,"partial hominid remains recovered from shark, probable drowning and scavenging",nan
roatan,nan,struck on thigh,nan
italy,swimming,"fatal,  partial remains recovered from shark’s gut",y
barbados,swimming,"hand and foot severely bitten, surgically amputated",n
france,nan,fatal,y
france,bathing,leg severed,n
barbados,bathing,fatal,y
guinea,went overboard,fatal,nan
canada,nan,fatal,y
usa,wading,fatal,y
nan,nan,nan,unknown
india,wading,nan,unknown
india,nan,nan,unknown
usa,swimming,fatal,y
india,ship lay at anchor & man was working on its rudder,"leg severed mid-thigh, hand severed, arm above elbow and part of buttocks not known if he survived",unknown
between portugal & india,man fell overboard from ship those on board threw a rope to him with a wooden block & were pulling him to the ship,"fatal ""shark tore him to pieces",y
nan,swimming,nan,unknown
france,nan,nan,unknown
venezuela,pearl diving,fatal,y
mexico,swmming,toes severed,n
mexico,nan,foot severed,n
usa,nan,fatal,n
nan,sponge diving,fatal,y
australia,nan,aboriginal rock carving depicts man being attacked by a shark,n
nan,ascending from a dive,"fatal, sharks bit him in two",y
greece,washing his pig in preparation for a religious ceremony,"fatal, shark ""bit off all lower parts of him up to the belly""",y
greece,shipwrecked persian fleet,herodotus tells of sharks attacking men in the water,y
italy,shipwreck,depicts shipwrecked sailors  attacked by a sharks,y
japan,nan,fatal,y
peru,nan,fatal,y
belize,nan,nan,n
australia,spearfishing,"shark bumped him, but no injury",n
australia,swimming,left calf removed,nan
canada,fishing,arm bitten,n
kenya,diving,conway's leg was bitten higgs injury was fatal,n
kenya,diving,fatal,y
panama,swimming,fatal,y
uruguay,swimming,foot bitten,n
uruguay,swimming,fatal,y
usa,swimming,minor injury,n
papua new guinea,swimming to canoe,fatal,y
australia,nan,foot severed,n
australia,fell into the water,fatal,y
usa,diving,minor laceration to hand,n
bermuda,nan,fatal,y
usa,fishing for basking sharks,fatal provoked incidents,y
india,nan,cut to arm while roping shark provoked incident,n
lebanon,collecting fish,posterior thigh bitten,n
spain,skin diving,injury required 16 stitches,n
sudan,snorkeling,leg severely bitten,n
nan,nan,bitten by captive sharks provoked incidents,n
usa,shark tagging,severe abrasion to forearm from captive shark provoked inicident,n
usa,surfing,legs bitten,n
djibouti,a dhow capsized,fatal,y
libya,sponge diving,fatal,y
australia,net-fishing,calf bitten,n
new zealand,nan,fatal,y
nan,netting shrimp,hand severed,n
vietnam,bathing,foot bitten,n
sri lanka,fishing,foot bitten,n
venezuela,spearfishing,"fatal x3, one survived with minor injuries",y
usa,wade-fishing,"no injury, shark rammed his back",n
greece,free diving for sponges,fatal,y
mozambique,fishing,"no injury to occupants, shark bumped boat",n
south africa,swimming,"fatal, body not recovered",y
australia,helmet diving,"no injury, helmet bitten",n
bahrein,pearl diving,fatal,y
bahamas,spearfishing,swim fin bitten,n
usa,kitesurfing,hand bitten,n
reunion,yachtsman in a zodiac,survived,n
solomon islands,diving,lacerations to hands and knee,n
korea,diving,"fatal, injured while diving, then shark bit her",y
french polynesia,fishing,"speared a shark, fell overboard and another shark severed his arm",n
sudan,diving,"no injury, bc ripped",n
vanuatu,nan,fatal,y
vanuatu,attempting to drive shark from area,speared shark broke outrigger of canoe throwing man into the water & shark bit his buttock provoked incident,n
iran,nan,foot severed,n
usa,skin diving grabbed shark's tail; shark turned & grabbed diver's ankle & began towing him to deep water,"ankle punctured & lacerated, hands abraded provoked incident",n
papua new guinea,scuba diving,said to be fatal and involve a 46 m to 6 m [15' to 20'] tiger shark but incident highly questionable,y
red sea,free diving,"shoulder scratched, swim fin bitten",n
south africa,crossing river on a raft,"fatal, leg severed",y
usa,"free diving, collecting sand dollars",calf bitten,n
greece,swimming,fatal,y
usa,diving,"a 43 m [14'] shark made threat display no injury, no attack",nan
usa,canoeing,fatal,y
mediterranean sea,nan,fatal,y
australia,diving for trochus,calf removed,n
australia,pearl diving,leg bitten,n
singapore,swimming,recovered,n
fiji,spearfishing,"no injury, bumped by shark which took speared fish",n
mozambique,skindiving,bumped by sharks,n
seychelles,swimming from capsized pirogue,fatal,y
iraq,fishing from a small boat & put his hand in the water while holding a dead fish,right hand severed,n
iraq,swimming naked near a date palm where many dates fell into the water,arm severed,n
iraq,swimming in section of river used for washing clothes & cooking utensils,right leg lacerated & surgically amputated,n
bahamas,nan,lower leg and forearm severed,n
usa,nan,leg injured,n
bermuda,spearfishing,shoulder abraded by skin of shark,n
fiji,swimming with fish attached to  belt,"""severely injured when fish were seized by shark""",n
madagascar,bathing,fatal,y
usa,standing,abrasions & bruises hip to ankle,n
bahamas,testing movie camera in full diving dress,shark bit diver's sleeve after he patted it on the head provoked incident,n
indonesia,swimming near anchored ship,"fatal, leg severed",y
india,nan,fatal,y
nicaragua,lashing logs together when he fell into the water,"fatal, leg severed",y
cuba,"shark fishing, knocked overboard","fatal, hip bitten  provoked incident",y
marshall islands,swimming,buttocks bitten,n
kiribati,diving,no injury,n
north pacific ocean,"fishing, wading with string of fish",survived,n
kiribati,nan,fatal,y
nan,a group of survivors on a raft for 17-days,"fatal, shark leapt into raft and bit the man who died 4 hours later",y
solomon islands,floating on his back,buttock bitten,n
australia,free diving,head bitten,n
iran,fishing in ankle-deep water,"fatal, foot lacerated & crushed",y
iran,nan,"fatal, femoral artery severed, died 12 days later",y
iran,"standing, washing rear wheels of his ambulance in ankle-deep water","fatal, fell into water when shark seized his right ankle, right leg bitten, left forearm & hand lacerated, all tissue stripped from right arm",y
iraq,swimming,"fatal, left leg bitten with severe blood loss",y
saudi arabia,diving,"fatal, died of sepsis",y
saudi arabia,diving,buttocks bitten,n
saudi arabia,diving,"foot lacerated, surgically amputated",n
pacific ocean,nan,fatal,y
burma,carrying a supposedly dead shark by its mouth,4 fingers severed by 'dead' shark provoked accident,n
papua new guinea,spent 8 days in dinghy,"no injury, but shark removed the heel & part of his left shoe",n
papua new guinea,"aircraft ditched in the sea, swimming ashore",shark bumped him,n
burma,bathing,fatal x 2,y
italy,wooden fishing boat,no injury to occupant; shark capsized boat,n
greece,sponge diving,head bitten,n
belize,standing,fatal,y
australia,nan,nan,unknown
reunion,swimming,fatal,y
south africa,wading,ankle bitten,n
australia,pearl diving,lacerations to thigh,n
south africa,swimming in pool formed by construction of a wharf,"fatal, leg severed",y
australia,nan,fatal,y
usa,fishing,2-inch lacerations,n
vietnam,swimming around anchored ship,foot bitten,n
south africa,crew swimming alongside their anchored ship,fatal,y
south africa,4 men were bathing,fatal,y
fiji,wreck of  large double sailing canoe,"fatal, 18 people  were killed by sharks, 2 survived",y
usa,swimming,"""lost leg""",n
south africa,fishing,"fatal, body not recovered but shark was caught with the man's loincloth in its gut shortly afterwards",y
south africa,wading,"fatal, leg stripped of flesh",y
asia,swimming,foot severed,n
usa,nan,ankle bitten,n
australia,fishing,"fatal, knocked overboard by tail of shark & carried off by shark",y
australia,fishing,fatal,y
australia,fishing,fatal,y
australia,swimming,fatal,y
australia,diving,fatal,y
australia,pearl diving,fatal,y
usa,swimming,fatal,y
panama,nan,fatal,y
ceylon sri lanka,swimming,"fatal ""shark bit him in half, carrying away the lower extremities""",y
